2025-11-18 00:00:06 [http-nio-8080-exec-5] INFO  c.Z.p.controller.PedidoController - 📋 GET /api/pedidos - Obteniendo todos los pedidos
2025-11-18 00:00:07 [http-nio-8080-exec-5] INFO  c.Z.p.controller.PedidoController - ✅ Retornando 25 pedidos
2025-11-18 00:00:07 [http-nio-8080-exec-5] INFO  c.Z.p.controller.PedidoController - 🔢 IDs de pedidos: [1, 2, 3, 4, 5, 6, 7, 8, 9, 10, 11, 12, 13, 14, 15, 16, 17, 18, 19, 20, 21, 22, 23, 24, 25]
2025-11-18 00:00:16 [http-nio-8080-exec-8] INFO  c.Z.p.controller.PedidoController - 📋 GET /api/pedidos - Obteniendo todos los pedidos
2025-11-18 00:00:16 [http-nio-8080-exec-8] INFO  c.Z.p.controller.PedidoController - ✅ Retornando 25 pedidos
2025-11-18 00:00:16 [http-nio-8080-exec-8] INFO  c.Z.p.controller.PedidoController - 🔢 IDs de pedidos: [1, 2, 3, 4, 5, 6, 7, 8, 9, 10, 11, 12, 13, 14, 15, 16, 17, 18, 19, 20, 21, 22, 23, 24, 25]
2025-11-18 00:00:26 [http-nio-8080-exec-2] INFO  c.Z.p.controller.PedidoController - 📋 GET /api/pedidos - Obteniendo todos los pedidos
2025-11-18 00:00:26 [http-nio-8080-exec-2] INFO  c.Z.p.controller.PedidoController - ✅ Retornando 25 pedidos
2025-11-18 00:00:26 [http-nio-8080-exec-2] INFO  c.Z.p.controller.PedidoController - 🔢 IDs de pedidos: [1, 2, 3, 4, 5, 6, 7, 8, 9, 10, 11, 12, 13, 14, 15, 16, 17, 18, 19, 20, 21, 22, 23, 24, 25]
2025-11-18 00:00:36 [http-nio-8080-exec-4] INFO  c.Z.p.controller.PedidoController - 📋 GET /api/pedidos - Obteniendo todos los pedidos
2025-11-18 00:00:36 [http-nio-8080-exec-4] INFO  c.Z.p.controller.PedidoController - ✅ Retornando 25 pedidos
2025-11-18 00:00:36 [http-nio-8080-exec-4] INFO  c.Z.p.controller.PedidoController - 🔢 IDs de pedidos: [1, 2, 3, 4, 5, 6, 7, 8, 9, 10, 11, 12, 13, 14, 15, 16, 17, 18, 19, 20, 21, 22, 23, 24, 25]
2025-11-18 00:00:46 [http-nio-8080-exec-6] INFO  c.Z.p.controller.PedidoController - 📋 GET /api/pedidos - Obteniendo todos los pedidos
2025-11-18 00:00:46 [http-nio-8080-exec-6] INFO  c.Z.p.controller.PedidoController - ✅ Retornando 25 pedidos
2025-11-18 00:00:46 [http-nio-8080-exec-6] INFO  c.Z.p.controller.PedidoController - 🔢 IDs de pedidos: [1, 2, 3, 4, 5, 6, 7, 8, 9, 10, 11, 12, 13, 14, 15, 16, 17, 18, 19, 20, 21, 22, 23, 24, 25]
2025-11-18 00:00:49 [http-nio-8080-exec-1] INFO  c.Z.p.controller.UsuarioController - GET /api/usuarios - Obteniendo todos los usuarios
2025-11-18 00:00:49 [http-nio-8080-exec-9] INFO  c.Z.p.controller.PedidoController - 📋 GET /api/pedidos - Obteniendo todos los pedidos
2025-11-18 00:00:49 [http-nio-8080-exec-9] INFO  c.Z.p.controller.PedidoController - ✅ Retornando 25 pedidos
2025-11-18 00:00:49 [http-nio-8080-exec-9] INFO  c.Z.p.controller.PedidoController - 🔢 IDs de pedidos: [1, 2, 3, 4, 5, 6, 7, 8, 9, 10, 11, 12, 13, 14, 15, 16, 17, 18, 19, 20, 21, 22, 23, 24, 25]
2025-11-18 00:01:04 [http-nio-8080-exec-10] INFO  c.Z.p.controller.UsuarioController - GET /api/usuarios - Obteniendo todos los usuarios
2025-11-18 00:01:32 [http-nio-8080-exec-7] INFO  c.Z.p.controller.RutaController - 🚀 POST /api/rutas/optima
2025-11-18 00:01:32 [http-nio-8080-exec-7] INFO  c.Z.p.controller.RutaController - 📍 Origen: (5.705608897893475, -72.94079254783769)
2025-11-18 00:01:32 [http-nio-8080-exec-7] INFO  c.Z.p.controller.RutaController - 🎯 Destino: (5.715181732841099, -72.93761677779707)
2025-11-18 00:01:32 [http-nio-8080-exec-7] INFO  c.Zygo.proyecto.service.LugarService - Buscando nodo más cercano a 5.705608897893475, -72.94079254783769
2025-11-18 00:01:32 [http-nio-8080-exec-7] INFO  c.Zygo.proyecto.service.LugarService - Buscando nodo más cercano a 5.715181732841099, -72.93761677779707
2025-11-18 00:01:32 [http-nio-8080-exec-7] INFO  c.Z.p.controller.RutaController - ✅ Nodos: Nodo_5.705166_-72.941259 → Nodo_5.715410_-72.937656
2025-11-18 00:01:32 [http-nio-8080-exec-7] INFO  c.Z.p.s.DijkstraServiceOptimizado - 🔍 Calculando ruta óptima: 37760 → 34482 (tráfico: true)
2025-11-18 00:01:32 [http-nio-8080-exec-7] INFO  c.Z.p.s.DijkstraServiceOptimizado - 📊 Nodos relevantes cargados: 6938 (vs 6938 totales)
2025-11-18 00:01:33 [http-nio-8080-exec-7] DEBUG c.Z.p.s.DijkstraServiceOptimizado - 🎯 Destino alcanzado. Visitados: 1090/6938
2025-11-18 00:01:33 [http-nio-8080-exec-7] INFO  c.Z.p.s.DijkstraServiceOptimizado - ✅ Ruta calculada en 707ms - Distancia: {:.2f}km, Nodos: 1.7349910990233726
2025-11-18 00:01:33 [http-nio-8080-exec-7] INFO  c.Z.p.controller.RutaController - ✅ Ruta calculada en 788ms - 1.7349910990233726km, 27min
2025-11-18 00:01:39 [http-nio-8080-exec-6] INFO  c.Z.p.controller.UsuarioController - GET /api/usuarios - Obteniendo todos los usuarios
2025-11-18 00:02:05 [http-nio-8080-exec-1] INFO  c.Z.p.controller.RutaController - 🚀 POST /api/rutas/optima
2025-11-18 00:02:05 [http-nio-8080-exec-1] INFO  c.Z.p.controller.RutaController - 📍 Origen: (5.715305030465017, -72.93495655147127)
2025-11-18 00:02:05 [http-nio-8080-exec-1] INFO  c.Z.p.controller.RutaController - 🎯 Destino: (5.712828308399101, -72.93173790065339)
2025-11-18 00:02:05 [http-nio-8080-exec-1] INFO  c.Zygo.proyecto.service.LugarService - Buscando nodo más cercano a 5.715305030465017, -72.93495655147127
2025-11-18 00:02:05 [http-nio-8080-exec-1] INFO  c.Zygo.proyecto.service.LugarService - Buscando nodo más cercano a 5.712828308399101, -72.93173790065339
2025-11-18 00:02:05 [http-nio-8080-exec-1] INFO  c.Z.p.controller.RutaController - ✅ Nodos: Nodo_5.715399_-72.935059 → Nodo_5.712868_-72.931569
2025-11-18 00:02:05 [http-nio-8080-exec-1] INFO  c.Z.p.s.DijkstraServiceOptimizado - 🔍 Calculando ruta óptima: 37813 → 35852 (tráfico: true)
2025-11-18 00:02:06 [http-nio-8080-exec-1] INFO  c.Z.p.s.DijkstraServiceOptimizado - 📊 Nodos relevantes cargados: 6938 (vs 6938 totales)
2025-11-18 00:02:06 [http-nio-8080-exec-1] DEBUG c.Z.p.s.DijkstraServiceOptimizado - 🎯 Destino alcanzado. Visitados: 226/6938
2025-11-18 00:02:06 [http-nio-8080-exec-1] INFO  c.Z.p.s.DijkstraServiceOptimizado - ✅ Ruta calculada en 570ms - Distancia: {:.2f}km, Nodos: 0.4778211141606506
2025-11-18 00:02:06 [http-nio-8080-exec-1] INFO  c.Z.p.controller.RutaController - ✅ Ruta calculada en 623ms - 0.4778211141606506km, 9min
2025-11-18 00:03:00 [http-nio-8080-exec-2] INFO  c.Z.p.controller.UsuarioController - GET /api/usuarios - Obteniendo todos los usuarios
2025-11-18 04:03:06 [HikariPool-1:housekeeper] WARN  com.zaxxer.hikari.pool.HikariPool - HikariPool-1 - Thread starvation or clock leap detected (housekeeper delta=4h6s602ms756µs200ns).
2025-11-18 04:03:09 [http-nio-8080-exec-4] INFO  c.Z.p.controller.UsuarioController - GET /api/usuarios - Obteniendo todos los usuarios
2025-11-18 12:03:30 [http-nio-8080-exec-6] INFO  c.Z.p.controller.UsuarioController - GET /api/usuarios - Obteniendo todos los usuarios
2025-11-18 12:03:30 [HikariPool-1:housekeeper] WARN  com.zaxxer.hikari.pool.HikariPool - HikariPool-1 - Thread starvation or clock leap detected (housekeeper delta=8h27s985ms816µs900ns).
2025-11-18 15:15:38 [http-nio-8080-exec-9] INFO  c.Z.p.controller.UsuarioController - GET /api/usuarios - Obteniendo todos los usuarios
2025-11-18 15:15:38 [http-nio-8080-exec-3] INFO  c.Z.p.controller.UsuarioController - GET /api/usuarios - Obteniendo todos los usuarios
2025-11-18 15:15:38 [http-nio-8080-exec-10] INFO  c.Z.p.controller.PedidoController - 📋 GET /api/pedidos - Obteniendo todos los pedidos
2025-11-18 15:15:38 [http-nio-8080-exec-10] INFO  c.Z.p.controller.PedidoController - ✅ Retornando 25 pedidos
2025-11-18 15:15:38 [http-nio-8080-exec-10] INFO  c.Z.p.controller.PedidoController - 🔢 IDs de pedidos: [1, 2, 3, 4, 5, 6, 7, 8, 9, 10, 11, 12, 13, 14, 15, 16, 17, 18, 19, 20, 21, 22, 23, 24, 25]
2025-11-18 15:15:42 [http-nio-8080-exec-7] INFO  c.Z.p.controller.UsuarioController - GET /api/usuarios - Obteniendo todos los usuarios
2025-11-18 15:15:43 [http-nio-8080-exec-8] INFO  c.Z.p.controller.PedidoController - 📋 GET /api/pedidos - Obteniendo todos los pedidos
2025-11-18 15:15:43 [http-nio-8080-exec-8] INFO  c.Z.p.controller.PedidoController - ✅ Retornando 25 pedidos
2025-11-18 15:15:43 [http-nio-8080-exec-8] INFO  c.Z.p.controller.PedidoController - 🔢 IDs de pedidos: [1, 2, 3, 4, 5, 6, 7, 8, 9, 10, 11, 12, 13, 14, 15, 16, 17, 18, 19, 20, 21, 22, 23, 24, 25]
2025-11-18 15:15:44 [http-nio-8080-exec-1] INFO  c.Z.p.controller.UsuarioController - GET /api/usuarios - Obteniendo todos los usuarios
2025-11-18 15:15:45 [http-nio-8080-exec-2] INFO  c.Z.p.controller.PedidoController - 📋 GET /api/pedidos - Obteniendo todos los pedidos
2025-11-18 15:15:45 [http-nio-8080-exec-2] INFO  c.Z.p.controller.PedidoController - ✅ Retornando 25 pedidos
2025-11-18 15:15:45 [http-nio-8080-exec-2] INFO  c.Z.p.controller.PedidoController - 🔢 IDs de pedidos: [1, 2, 3, 4, 5, 6, 7, 8, 9, 10, 11, 12, 13, 14, 15, 16, 17, 18, 19, 20, 21, 22, 23, 24, 25]
2025-11-18 15:15:45 [http-nio-8080-exec-3] INFO  c.Z.p.controller.UsuarioController - GET /api/usuarios - Obteniendo todos los usuarios
2025-11-18 15:15:46 [http-nio-8080-exec-10] INFO  c.Z.p.controller.UsuarioController - GET /api/usuarios - Obteniendo todos los usuarios
2025-11-18 15:15:54 [http-nio-8080-exec-7] INFO  c.Z.p.controller.UsuarioController - GET /api/usuarios - Obteniendo todos los usuarios
2025-11-18 15:15:54 [http-nio-8080-exec-6] INFO  c.Z.p.controller.PedidoController - 📋 GET /api/pedidos - Obteniendo todos los pedidos
2025-11-18 15:15:54 [http-nio-8080-exec-6] INFO  c.Z.p.controller.PedidoController - ✅ Retornando 25 pedidos
2025-11-18 15:15:54 [http-nio-8080-exec-6] INFO  c.Z.p.controller.PedidoController - 🔢 IDs de pedidos: [1, 2, 3, 4, 5, 6, 7, 8, 9, 10, 11, 12, 13, 14, 15, 16, 17, 18, 19, 20, 21, 22, 23, 24, 25]
2025-11-18 15:25:29 [http-nio-8080-exec-2] INFO  c.Z.p.controller.RutaController - 🚀 POST /api/rutas/optima
2025-11-18 15:25:29 [http-nio-8080-exec-2] INFO  c.Z.p.controller.RutaController - 📍 Origen: (5.719850390841869, -72.9418272426314)
2025-11-18 15:25:29 [http-nio-8080-exec-2] INFO  c.Z.p.controller.RutaController - 🎯 Destino: (5.718259150948106, -72.9410280573934)
2025-11-18 15:25:29 [http-nio-8080-exec-2] INFO  c.Zygo.proyecto.service.LugarService - Buscando nodo más cercano a 5.719850390841869, -72.9418272426314
2025-11-18 15:25:29 [http-nio-8080-exec-2] INFO  c.Zygo.proyecto.service.LugarService - Buscando nodo más cercano a 5.718259150948106, -72.9410280573934
2025-11-18 15:25:29 [http-nio-8080-exec-2] INFO  c.Z.p.controller.RutaController - ✅ Nodos: Nodo_5.719827_-72.941838 → Nodo_5.718293_-72.941069
2025-11-18 15:25:29 [http-nio-8080-exec-2] INFO  c.Z.p.s.DijkstraServiceOptimizado - 🔍 Calculando ruta óptima: 37772 → 33364 (tráfico: true)
2025-11-18 15:25:30 [http-nio-8080-exec-2] INFO  c.Z.p.s.DijkstraServiceOptimizado - 📊 Nodos relevantes cargados: 6938 (vs 6938 totales)
2025-11-18 15:25:30 [http-nio-8080-exec-2] DEBUG c.Z.p.s.DijkstraServiceOptimizado - 🎯 Destino alcanzado. Visitados: 30/6938
2025-11-18 15:25:30 [http-nio-8080-exec-2] INFO  c.Z.p.s.DijkstraServiceOptimizado - ✅ Ruta calculada en 821ms - Distancia: {:.2f}km, Nodos: 0.25491842519168995
2025-11-18 15:25:30 [http-nio-8080-exec-2] INFO  c.Z.p.controller.RutaController - ✅ Ruta calculada en 931ms - 0.25491842519168995km, 6min
2025-11-18 15:25:47 [http-nio-8080-exec-4] INFO  c.Z.p.controller.UsuarioController - GET /api/usuarios - Obteniendo todos los usuarios
2025-11-18 15:25:47 [http-nio-8080-exec-5] INFO  c.Z.p.controller.PedidoController - 📋 GET /api/pedidos - Obteniendo todos los pedidos
2025-11-18 15:25:47 [http-nio-8080-exec-5] INFO  c.Z.p.controller.PedidoController - ✅ Retornando 25 pedidos
2025-11-18 15:25:47 [http-nio-8080-exec-5] INFO  c.Z.p.controller.PedidoController - 🔢 IDs de pedidos: [1, 2, 3, 4, 5, 6, 7, 8, 9, 10, 11, 12, 13, 14, 15, 16, 17, 18, 19, 20, 21, 22, 23, 24, 25]
2025-11-18 17:13:10 [http-nio-8080-exec-9] INFO  c.Z.p.controller.PedidoController - 📋 GET /api/pedidos - Obteniendo todos los pedidos
2025-11-18 17:13:10 [http-nio-8080-exec-2] INFO  c.Z.p.controller.UsuarioController - GET /api/usuarios - Obteniendo todos los usuarios
2025-11-18 17:13:10 [http-nio-8080-exec-9] INFO  c.Z.p.controller.PedidoController - ✅ Retornando 25 pedidos
2025-11-18 17:13:10 [http-nio-8080-exec-9] INFO  c.Z.p.controller.PedidoController - 🔢 IDs de pedidos: [1, 2, 3, 4, 5, 6, 7, 8, 9, 10, 11, 12, 13, 14, 15, 16, 17, 18, 19, 20, 21, 22, 23, 24, 25]
2025-11-18 17:21:50 [http-nio-8080-exec-5] INFO  c.Z.p.controller.RutaController - 🚀 POST /api/rutas/optima
2025-11-18 17:21:50 [http-nio-8080-exec-5] INFO  c.Z.p.controller.RutaController - 📍 Origen: (5.718863520438165, -72.93861326550153)
2025-11-18 17:21:50 [http-nio-8080-exec-5] INFO  c.Z.p.controller.RutaController - 🎯 Destino: (5.717011329329416, -72.93732543245599)
2025-11-18 17:21:50 [http-nio-8080-exec-5] INFO  c.Zygo.proyecto.service.LugarService - Buscando nodo más cercano a 5.718863520438165, -72.93861326550153
2025-11-18 17:21:50 [http-nio-8080-exec-5] INFO  c.Zygo.proyecto.service.LugarService - Buscando nodo más cercano a 5.717011329329416, -72.93732543245599
2025-11-18 17:21:50 [http-nio-8080-exec-5] INFO  c.Z.p.controller.RutaController - ✅ Nodos: Nodo_5.718899_-72.938620 → Nodo_5.717026_-72.937349
2025-11-18 17:21:50 [http-nio-8080-exec-5] INFO  c.Z.p.s.DijkstraServiceOptimizado - 🔍 Calculando ruta óptima: 36162 → 32771 (tráfico: true)
2025-11-18 17:21:50 [http-nio-8080-exec-5] INFO  c.Z.p.s.DijkstraServiceOptimizado - 📊 Nodos relevantes cargados: 6938 (vs 6938 totales)
2025-11-18 17:21:51 [http-nio-8080-exec-5] DEBUG c.Z.p.s.DijkstraServiceOptimizado - 🎯 Destino alcanzado. Visitados: 90/6938
2025-11-18 17:21:51 [http-nio-8080-exec-5] INFO  c.Z.p.s.DijkstraServiceOptimizado - ✅ Ruta calculada en 948ms - Distancia: {:.2f}km, Nodos: 0.3319336896739724
2025-11-18 17:21:51 [http-nio-8080-exec-5] INFO  c.Z.p.controller.RutaController - ✅ Ruta calculada en 1090ms - 0.3319336896739724km, 6min
2025-11-18 17:22:02 [http-nio-8080-exec-8] INFO  c.Z.p.controller.UsuarioController - GET /api/usuarios - Obteniendo todos los usuarios
2025-11-18 17:22:02 [http-nio-8080-exec-1] INFO  c.Z.p.controller.PedidoController - 📋 GET /api/pedidos - Obteniendo todos los pedidos
2025-11-18 17:22:02 [http-nio-8080-exec-1] INFO  c.Z.p.controller.PedidoController - ✅ Retornando 25 pedidos
2025-11-18 17:22:02 [http-nio-8080-exec-1] INFO  c.Z.p.controller.PedidoController - 🔢 IDs de pedidos: [1, 2, 3, 4, 5, 6, 7, 8, 9, 10, 11, 12, 13, 14, 15, 16, 17, 18, 19, 20, 21, 22, 23, 24, 25]
2025-11-18 17:22:03 [http-nio-8080-exec-2] INFO  c.Z.p.controller.UsuarioController - GET /api/usuarios - Obteniendo todos los usuarios
2025-11-18 17:22:19 [http-nio-8080-exec-10] INFO  c.Z.p.controller.RutaController - 🚀 POST /api/rutas/optima
2025-11-18 17:22:19 [http-nio-8080-exec-10] INFO  c.Z.p.controller.RutaController - 📍 Origen: (5.713724163918301, -72.93977072088309)
2025-11-18 17:22:19 [http-nio-8080-exec-10] INFO  c.Z.p.controller.RutaController - 🎯 Destino: (5.709795554797427, -72.93874045444669)
2025-11-18 17:22:19 [http-nio-8080-exec-10] INFO  c.Zygo.proyecto.service.LugarService - Buscando nodo más cercano a 5.713724163918301, -72.93977072088309
2025-11-18 17:22:19 [http-nio-8080-exec-10] INFO  c.Zygo.proyecto.service.LugarService - Buscando nodo más cercano a 5.709795554797427, -72.93874045444669
2025-11-18 17:22:19 [http-nio-8080-exec-10] INFO  c.Z.p.controller.RutaController - ✅ Nodos: Nodo_5.713738_-72.939744 → Nodo_5.709764_-72.938592
2025-11-18 17:22:19 [http-nio-8080-exec-10] INFO  c.Z.p.s.DijkstraServiceOptimizado - 🔍 Calculando ruta óptima: 34622 → 35738 (tráfico: true)
2025-11-18 17:22:19 [http-nio-8080-exec-10] INFO  c.Z.p.s.DijkstraServiceOptimizado - 📊 Nodos relevantes cargados: 6938 (vs 6938 totales)
2025-11-18 17:22:19 [http-nio-8080-exec-10] DEBUG c.Z.p.s.DijkstraServiceOptimizado - 🎯 Destino alcanzado. Visitados: 392/6938
2025-11-18 17:22:19 [http-nio-8080-exec-10] INFO  c.Z.p.s.DijkstraServiceOptimizado - ✅ Ruta calculada en 552ms - Distancia: {:.2f}km, Nodos: 0.6266720042614579
2025-11-18 17:22:19 [http-nio-8080-exec-10] INFO  c.Z.p.controller.RutaController - ✅ Ruta calculada en 607ms - 0.6266720042614579km, 11min
2025-11-18 17:22:24 [http-nio-8080-exec-6] INFO  c.Z.p.controller.UsuarioController - GET /api/usuarios - Obteniendo todos los usuarios
2025-11-18 17:22:24 [http-nio-8080-exec-7] INFO  c.Z.p.controller.PedidoController - 📋 GET /api/pedidos - Obteniendo todos los pedidos
2025-11-18 17:22:24 [http-nio-8080-exec-7] INFO  c.Z.p.controller.PedidoController - ✅ Retornando 25 pedidos
2025-11-18 17:22:24 [http-nio-8080-exec-7] INFO  c.Z.p.controller.PedidoController - 🔢 IDs de pedidos: [1, 2, 3, 4, 5, 6, 7, 8, 9, 10, 11, 12, 13, 14, 15, 16, 17, 18, 19, 20, 21, 22, 23, 24, 25]
2025-11-18 18:09:02 [HikariPool-1:housekeeper] WARN  com.zaxxer.hikari.pool.HikariPool - HikariPool-1 - Thread starvation or clock leap detected (housekeeper delta=33m27s79ms864µs200ns).
2025-11-18 18:40:45 [SpringApplicationShutdownHook] INFO  o.s.b.w.e.tomcat.GracefulShutdown - Commencing graceful shutdown. Waiting for active requests to complete
2025-11-18 18:40:45 [tomcat-shutdown] INFO  o.s.b.w.e.tomcat.GracefulShutdown - Graceful shutdown complete
2025-11-18 18:40:45 [SpringApplicationShutdownHook] INFO  o.s.o.j.LocalContainerEntityManagerFactoryBean - Closing JPA EntityManagerFactory for persistence unit 'default'
2025-11-18 18:40:45 [SpringApplicationShutdownHook] INFO  com.zaxxer.hikari.HikariDataSource - HikariPool-1 - Shutdown initiated...
2025-11-18 18:40:45 [SpringApplicationShutdownHook] INFO  com.zaxxer.hikari.HikariDataSource - HikariPool-1 - Shutdown completed.
2025-11-18 21:51:44 [main] INFO  c.Z.p.ProyectoApplicationTests - Starting ProyectoApplicationTests using Java 21.0.6 with PID 107192 (started by David in C:\Progra3clase\PROGRAFINAL\ProyectoProgra3\proyecto)
2025-11-18 21:51:44 [main] INFO  c.Z.p.ProyectoApplicationTests - No active profile set, falling back to 1 default profile: "default"
2025-11-18 21:51:48 [main] INFO  o.s.d.r.c.RepositoryConfigurationDelegate - Bootstrapping Spring Data JPA repositories in DEFAULT mode.
2025-11-18 21:51:49 [main] INFO  o.s.d.r.c.RepositoryConfigurationDelegate - Finished Spring Data repository scanning in 486 ms. Found 4 JPA repository interfaces.
2025-11-18 21:51:51 [main] INFO  o.h.jpa.internal.util.LogHelper - HHH000204: Processing PersistenceUnitInfo [name: default]
2025-11-18 21:51:51 [main] INFO  org.hibernate.Version - HHH000412: Hibernate ORM core version 6.6.33.Final
2025-11-18 21:51:51 [main] INFO  o.h.c.i.RegionFactoryInitiator - HHH000026: Second-level cache disabled
2025-11-18 21:51:52 [main] INFO  o.s.o.j.p.SpringPersistenceUnitInfo - No LoadTimeWeaver setup: ignoring JPA class transformer
2025-11-18 21:51:52 [main] INFO  com.zaxxer.hikari.HikariDataSource - HikariPool-1 - Starting...
2025-11-18 21:51:53 [main] INFO  com.zaxxer.hikari.pool.HikariPool - HikariPool-1 - Added connection com.mysql.cj.jdbc.ConnectionImpl@5f0ca069
2025-11-18 21:51:53 [main] INFO  com.zaxxer.hikari.HikariDataSource - HikariPool-1 - Start completed.
2025-11-18 21:51:53 [main] WARN  org.hibernate.orm.deprecation - HHH90000025: MySQLDialect does not need to be specified explicitly using 'hibernate.dialect' (remove the property setting and it will be selected by default)
2025-11-18 21:51:53 [main] INFO  o.hibernate.orm.connections.pooling - HHH10001005: Database info:
	Database JDBC URL [Connecting through datasource 'HikariDataSource (HikariPool-1)']
	Database driver: undefined/unknown
	Database version: 8.3
	Autocommit mode: undefined/unknown
	Isolation level: undefined/unknown
	Minimum pool size: undefined/unknown
	Maximum pool size: undefined/unknown
2025-11-18 21:51:55 [main] INFO  o.h.e.t.j.p.i.JtaPlatformInitiator - HHH000489: No JTA platform available (set 'hibernate.transaction.jta.platform' to enable JTA platform integration)
2025-11-18 21:51:55 [main] INFO  o.s.o.j.LocalContainerEntityManagerFactoryBean - Initialized JPA EntityManagerFactory for persistence unit 'default'
2025-11-18 21:51:56 [main] INFO  o.s.d.j.r.query.QueryEnhancerFactory - Hibernate is in classpath; If applicable, HQL parser will be used.
2025-11-18 21:52:00 [main] INFO  o.s.s.c.a.a.c.InitializeAuthenticationProviderBeanManagerConfigurer$InitializeAuthenticationProviderManagerConfigurer - Global AuthenticationManager configured with AuthenticationProvider bean with name authenticationProvider
2025-11-18 21:52:00 [main] WARN  o.s.s.c.a.a.c.InitializeUserDetailsBeanManagerConfigurer$InitializeUserDetailsManagerConfigurer - Global AuthenticationManager configured with an AuthenticationProvider bean. UserDetailsService beans will not be used by Spring Security for automatically configuring username/password login. Consider removing the AuthenticationProvider bean. Alternatively, consider using the UserDetailsService in a manually instantiated DaoAuthenticationProvider. If the current configuration is intentional, to turn off this warning, increase the logging level of 'org.springframework.security.config.annotation.authentication.configuration.InitializeUserDetailsBeanManagerConfigurer' to ERROR
2025-11-18 21:52:00 [main] WARN  o.s.b.a.o.j.JpaBaseConfiguration$JpaWebConfiguration - spring.jpa.open-in-view is enabled by default. Therefore, database queries may be performed during view rendering. Explicitly configure spring.jpa.open-in-view to disable this warning
2025-11-18 21:52:02 [main] INFO  o.s.b.a.e.web.EndpointLinksResolver - Exposing 3 endpoints beneath base path '/actuator'
2025-11-18 21:52:04 [main] INFO  c.Z.p.ProyectoApplicationTests - Started ProyectoApplicationTests in 20.69 seconds (process running for 24.043)
2025-11-18 21:52:04 [main] INFO  c.Z.proyecto.config.DataInitializer - ========================================
2025-11-18 21:52:04 [main] INFO  c.Z.proyecto.config.DataInitializer - Sistema Zygo - Verificando grafo
2025-11-18 21:52:04 [main] INFO  c.Z.proyecto.config.DataInitializer - ========================================
2025-11-18 21:52:04 [main] INFO  c.Z.proyecto.config.DataInitializer - 💡 Para importar el mapa de Sogamoso:
2025-11-18 21:52:04 [main] INFO  c.Z.proyecto.config.DataInitializer -    POST /api/admin/osm/importar-sogamoso
2025-11-18 21:52:04 [main] INFO  c.Z.proyecto.config.DataInitializer - ========================================
2025-11-18 21:52:05 [SpringApplicationShutdownHook] INFO  o.s.o.j.LocalContainerEntityManagerFactoryBean - Closing JPA EntityManagerFactory for persistence unit 'default'
2025-11-18 21:52:05 [SpringApplicationShutdownHook] INFO  com.zaxxer.hikari.HikariDataSource - HikariPool-1 - Shutdown initiated...
2025-11-18 21:52:05 [SpringApplicationShutdownHook] INFO  com.zaxxer.hikari.HikariDataSource - HikariPool-1 - Shutdown completed.
2025-11-18 21:52:23 [main] INFO  c.Zygo.proyecto.ProyectoApplication - Starting ProyectoApplication using Java 21.0.6 with PID 62604 (C:\Progra3clase\PROGRAFINAL\ProyectoProgra3\proyecto\target\classes started by David in C:\Progra3clase\PROGRAFINAL\ProyectoProgra3\proyecto)
2025-11-18 21:52:23 [main] INFO  c.Zygo.proyecto.ProyectoApplication - No active profile set, falling back to 1 default profile: "default"
2025-11-18 21:52:25 [main] INFO  o.s.d.r.c.RepositoryConfigurationDelegate - Bootstrapping Spring Data JPA repositories in DEFAULT mode.
2025-11-18 21:52:25 [main] INFO  o.s.d.r.c.RepositoryConfigurationDelegate - Finished Spring Data repository scanning in 267 ms. Found 4 JPA repository interfaces.
2025-11-18 21:52:26 [main] INFO  o.s.b.w.e.tomcat.TomcatWebServer - Tomcat initialized with port 8080 (http)
2025-11-18 21:52:26 [main] INFO  o.a.catalina.core.StandardService - Starting service [Tomcat]
2025-11-18 21:52:26 [main] INFO  o.a.catalina.core.StandardEngine - Starting Servlet engine: [Apache Tomcat/10.1.48]
2025-11-18 21:52:26 [main] INFO  o.a.c.c.C.[Tomcat].[localhost].[/] - Initializing Spring embedded WebApplicationContext
2025-11-18 21:52:26 [main] INFO  o.s.b.w.s.c.ServletWebServerApplicationContext - Root WebApplicationContext: initialization completed in 3630 ms
2025-11-18 21:52:27 [main] INFO  o.h.jpa.internal.util.LogHelper - HHH000204: Processing PersistenceUnitInfo [name: default]
2025-11-18 21:52:27 [main] INFO  org.hibernate.Version - HHH000412: Hibernate ORM core version 6.6.33.Final
2025-11-18 21:52:27 [main] INFO  o.h.c.i.RegionFactoryInitiator - HHH000026: Second-level cache disabled
2025-11-18 21:52:27 [main] INFO  o.s.o.j.p.SpringPersistenceUnitInfo - No LoadTimeWeaver setup: ignoring JPA class transformer
2025-11-18 21:52:27 [main] INFO  com.zaxxer.hikari.HikariDataSource - HikariPool-1 - Starting...
2025-11-18 21:52:28 [main] INFO  com.zaxxer.hikari.pool.HikariPool - HikariPool-1 - Added connection com.mysql.cj.jdbc.ConnectionImpl@71df5f30
2025-11-18 21:52:28 [main] INFO  com.zaxxer.hikari.HikariDataSource - HikariPool-1 - Start completed.
2025-11-18 21:52:28 [main] WARN  org.hibernate.orm.deprecation - HHH90000025: MySQLDialect does not need to be specified explicitly using 'hibernate.dialect' (remove the property setting and it will be selected by default)
2025-11-18 21:52:28 [main] INFO  o.hibernate.orm.connections.pooling - HHH10001005: Database info:
	Database JDBC URL [Connecting through datasource 'HikariDataSource (HikariPool-1)']
	Database driver: undefined/unknown
	Database version: 8.3
	Autocommit mode: undefined/unknown
	Isolation level: undefined/unknown
	Minimum pool size: undefined/unknown
	Maximum pool size: undefined/unknown
2025-11-18 21:52:29 [main] INFO  o.h.e.t.j.p.i.JtaPlatformInitiator - HHH000489: No JTA platform available (set 'hibernate.transaction.jta.platform' to enable JTA platform integration)
2025-11-18 21:52:30 [main] INFO  o.s.o.j.LocalContainerEntityManagerFactoryBean - Initialized JPA EntityManagerFactory for persistence unit 'default'
2025-11-18 21:52:30 [main] INFO  o.s.d.j.r.query.QueryEnhancerFactory - Hibernate is in classpath; If applicable, HQL parser will be used.
2025-11-18 21:52:33 [main] INFO  o.s.s.c.a.a.c.InitializeAuthenticationProviderBeanManagerConfigurer$InitializeAuthenticationProviderManagerConfigurer - Global AuthenticationManager configured with AuthenticationProvider bean with name authenticationProvider
2025-11-18 21:52:33 [main] WARN  o.s.s.c.a.a.c.InitializeUserDetailsBeanManagerConfigurer$InitializeUserDetailsManagerConfigurer - Global AuthenticationManager configured with an AuthenticationProvider bean. UserDetailsService beans will not be used by Spring Security for automatically configuring username/password login. Consider removing the AuthenticationProvider bean. Alternatively, consider using the UserDetailsService in a manually instantiated DaoAuthenticationProvider. If the current configuration is intentional, to turn off this warning, increase the logging level of 'org.springframework.security.config.annotation.authentication.configuration.InitializeUserDetailsBeanManagerConfigurer' to ERROR
2025-11-18 21:52:34 [main] WARN  o.s.b.a.o.j.JpaBaseConfiguration$JpaWebConfiguration - spring.jpa.open-in-view is enabled by default. Therefore, database queries may be performed during view rendering. Explicitly configure spring.jpa.open-in-view to disable this warning
2025-11-18 21:52:34 [main] INFO  o.s.b.a.e.web.EndpointLinksResolver - Exposing 3 endpoints beneath base path '/actuator'
2025-11-18 21:52:35 [main] INFO  o.s.b.w.e.tomcat.TomcatWebServer - Tomcat started on port 8080 (http) with context path '/'
2025-11-18 21:52:35 [main] INFO  c.Zygo.proyecto.ProyectoApplication - Started ProyectoApplication in 13.755 seconds (process running for 14.477)
2025-11-18 21:52:36 [main] INFO  c.Z.proyecto.config.DataInitializer - ========================================
2025-11-18 21:52:36 [main] INFO  c.Z.proyecto.config.DataInitializer - Sistema Zygo - Verificando grafo
2025-11-18 21:52:36 [main] INFO  c.Z.proyecto.config.DataInitializer - ========================================
2025-11-18 21:52:36 [main] INFO  c.Z.proyecto.config.DataInitializer - 💡 Para importar el mapa de Sogamoso:
2025-11-18 21:52:36 [main] INFO  c.Z.proyecto.config.DataInitializer -    POST /api/admin/osm/importar-sogamoso
2025-11-18 21:52:36 [main] INFO  c.Z.proyecto.config.DataInitializer - ========================================
2025-11-18 21:52:48 [http-nio-8080-exec-1] INFO  o.a.c.c.C.[Tomcat].[localhost].[/] - Initializing Spring DispatcherServlet 'dispatcherServlet'
2025-11-18 21:52:48 [http-nio-8080-exec-1] INFO  o.s.web.servlet.DispatcherServlet - Initializing Servlet 'dispatcherServlet'
2025-11-18 21:52:48 [http-nio-8080-exec-1] INFO  o.s.web.servlet.DispatcherServlet - Completed initialization in 1 ms
2025-11-18 21:53:15 [http-nio-8080-exec-5] ERROR com.Zygo.proyecto.security.JwtUtil - Token JWT expirado: JWT expired at 2025-11-16T20:08:25Z. Current time: 2025-11-19T02:53:15Z, a difference of 197090796 milliseconds.  Allowed clock skew: 0 milliseconds.
2025-11-18 21:53:34 [http-nio-8080-exec-6] ERROR com.Zygo.proyecto.security.JwtUtil - Token JWT expirado: JWT expired at 2025-11-16T20:08:25Z. Current time: 2025-11-19T02:53:34Z, a difference of 197109962 milliseconds.  Allowed clock skew: 0 milliseconds.
2025-11-18 21:53:41 [http-nio-8080-exec-7] ERROR com.Zygo.proyecto.security.JwtUtil - Token JWT expirado: JWT expired at 2025-11-16T20:08:25Z. Current time: 2025-11-19T02:53:41Z, a difference of 197116053 milliseconds.  Allowed clock skew: 0 milliseconds.
2025-11-18 21:53:54 [http-nio-8080-exec-8] ERROR com.Zygo.proyecto.security.JwtUtil - Token JWT expirado: JWT expired at 2025-11-16T20:08:25Z. Current time: 2025-11-19T02:53:54Z, a difference of 197129339 milliseconds.  Allowed clock skew: 0 milliseconds.
2025-11-18 21:53:54 [http-nio-8080-exec-8] INFO  c.Z.p.controller.AuthController - Intento de login para: admin@zygo.com
2025-11-18 21:53:54 [http-nio-8080-exec-8] ERROR c.Z.p.controller.AuthController - Error en login: Bad credentials
2025-11-18 21:53:59 [http-nio-8080-exec-9] ERROR com.Zygo.proyecto.security.JwtUtil - Token JWT expirado: JWT expired at 2025-11-16T20:08:25Z. Current time: 2025-11-19T02:53:59Z, a difference of 197134464 milliseconds.  Allowed clock skew: 0 milliseconds.
2025-11-18 21:53:59 [http-nio-8080-exec-9] INFO  c.Z.p.controller.AuthController - Intento de login para: juan@gmail.com
2025-11-18 21:53:59 [http-nio-8080-exec-9] INFO  c.Z.p.controller.AuthController - Login exitoso para: juan@gmail.com
2025-11-18 21:54:21 [http-nio-8080-exec-10] INFO  c.Z.p.controller.PedidoController - 📜 GET /api/pedidos/historial - Obteniendo historial de pedidos
2025-11-18 21:54:21 [http-nio-8080-exec-10] INFO  c.Z.p.controller.PedidoController - ✅ Historial: 25 pedidos encontrados
2025-11-18 22:02:40 [http-nio-8080-exec-3] INFO  c.Z.p.controller.AuthController - Intento de login para: dave@gmail.com
2025-11-18 22:02:40 [http-nio-8080-exec-3] INFO  c.Z.p.controller.AuthController - Login exitoso para: dave@gmail.com
2025-11-18 22:02:40 [http-nio-8080-exec-6] INFO  c.Z.p.controller.PedidoController - 📋 GET /api/pedidos - Obteniendo todos los pedidos
2025-11-18 22:02:40 [http-nio-8080-exec-7] INFO  c.Z.p.controller.UsuarioController - GET /api/usuarios - Obteniendo todos los usuarios
2025-11-18 22:02:40 [http-nio-8080-exec-6] INFO  c.Z.p.controller.PedidoController - ✅ Retornando 25 pedidos
2025-11-18 22:02:40 [http-nio-8080-exec-6] INFO  c.Z.p.controller.PedidoController - 🔢 IDs de pedidos: [1, 2, 3, 4, 5, 6, 7, 8, 9, 10, 11, 12, 13, 14, 15, 16, 17, 18, 19, 20, 21, 22, 23, 24, 25]
2025-11-18 22:03:59 [http-nio-8080-exec-1] INFO  c.Z.p.controller.UsuarioController - GET /api/usuarios - Obteniendo todos los usuarios
2025-11-18 22:03:59 [http-nio-8080-exec-2] INFO  c.Z.p.controller.PedidoController - 📋 GET /api/pedidos - Obteniendo todos los pedidos
2025-11-18 22:03:59 [http-nio-8080-exec-2] INFO  c.Z.p.controller.PedidoController - ✅ Retornando 25 pedidos
2025-11-18 22:03:59 [http-nio-8080-exec-2] INFO  c.Z.p.controller.PedidoController - 🔢 IDs de pedidos: [1, 2, 3, 4, 5, 6, 7, 8, 9, 10, 11, 12, 13, 14, 15, 16, 17, 18, 19, 20, 21, 22, 23, 24, 25]
2025-11-18 22:17:32 [http-nio-8080-exec-9] INFO  c.Z.p.controller.PedidoController - 📋 GET /api/pedidos - Obteniendo todos los pedidos
2025-11-18 22:17:32 [http-nio-8080-exec-6] INFO  c.Z.p.controller.UsuarioController - GET /api/usuarios - Obteniendo todos los usuarios
2025-11-18 22:17:33 [http-nio-8080-exec-9] INFO  c.Z.p.controller.PedidoController - ✅ Retornando 25 pedidos
2025-11-18 22:17:33 [http-nio-8080-exec-9] INFO  c.Z.p.controller.PedidoController - 🔢 IDs de pedidos: [1, 2, 3, 4, 5, 6, 7, 8, 9, 10, 11, 12, 13, 14, 15, 16, 17, 18, 19, 20, 21, 22, 23, 24, 25]
2025-11-18 22:17:38 [http-nio-8080-exec-4] INFO  c.Z.p.controller.RutaController - 🚀 POST /api/rutas/optima
2025-11-18 22:17:38 [http-nio-8080-exec-4] INFO  c.Z.p.controller.RutaController - 📍 Origen: (5.72096759656371, -72.93201434098212)
2025-11-18 22:17:38 [http-nio-8080-exec-4] INFO  c.Z.p.controller.RutaController - 🎯 Destino: (5.715928786724938, -72.93398118214877)
2025-11-18 22:17:38 [http-nio-8080-exec-4] INFO  c.Zygo.proyecto.service.LugarService - Buscando nodo más cercano a 5.72096759656371, -72.93201434098212
2025-11-18 22:17:38 [http-nio-8080-exec-4] INFO  c.Zygo.proyecto.service.LugarService - Buscando nodo más cercano a 5.715928786724938, -72.93398118214877
2025-11-18 22:17:39 [http-nio-8080-exec-4] INFO  c.Z.p.controller.RutaController - ✅ Nodos: Nodo_5.721221_-72.932057 → Nodo_5.715732_-72.933795
2025-11-18 22:17:39 [http-nio-8080-exec-4] INFO  c.Z.p.s.DijkstraServiceOptimizado - 🔍 Calculando ruta óptima: 38468 → 35028 (tráfico: true)
2025-11-18 22:17:39 [http-nio-8080-exec-4] INFO  c.Z.p.s.DijkstraServiceOptimizado - 📊 Nodos relevantes cargados: 6938 (vs 6938 totales)
2025-11-18 22:17:40 [http-nio-8080-exec-4] DEBUG c.Z.p.s.DijkstraServiceOptimizado - 🎯 Destino alcanzado. Visitados: 521/6938
2025-11-18 22:17:40 [http-nio-8080-exec-4] INFO  c.Z.p.s.DijkstraServiceOptimizado - ✅ Ruta calculada en 1439ms - Distancia: {:.2f}km, Nodos: 0.6978398881877531
2025-11-18 22:17:40 [http-nio-8080-exec-4] INFO  c.Z.p.controller.RutaController - ✅ Ruta calculada en 1948ms - 0.6978398881877531km, 17min
2025-11-18 22:17:45 [http-nio-8080-exec-5] INFO  c.Z.p.controller.RutaController - 🚀 POST /api/rutas/optima
2025-11-18 22:17:45 [http-nio-8080-exec-5] INFO  c.Z.p.controller.RutaController - 📍 Origen: (5.704071234120749, -72.94234057255525)
2025-11-18 22:17:45 [http-nio-8080-exec-5] INFO  c.Z.p.controller.RutaController - 🎯 Destino: (5.713547279254539, -72.93622047446813)
2025-11-18 22:17:45 [http-nio-8080-exec-5] INFO  c.Zygo.proyecto.service.LugarService - Buscando nodo más cercano a 5.704071234120749, -72.94234057255525
2025-11-18 22:17:45 [http-nio-8080-exec-5] INFO  c.Zygo.proyecto.service.LugarService - Buscando nodo más cercano a 5.713547279254539, -72.93622047446813
2025-11-18 22:17:45 [http-nio-8080-exec-5] INFO  c.Z.p.controller.RutaController - ✅ Nodos: Nodo_5.703990_-72.942351 → Nodo_5.713542_-72.936214
2025-11-18 22:17:45 [http-nio-8080-exec-5] INFO  c.Z.p.s.DijkstraServiceOptimizado - 🔍 Calculando ruta óptima: 34511 → 37121 (tráfico: true)
2025-11-18 22:17:45 [http-nio-8080-exec-5] INFO  c.Z.p.s.DijkstraServiceOptimizado - 📊 Nodos relevantes cargados: 6938 (vs 6938 totales)
2025-11-18 22:17:46 [http-nio-8080-exec-5] DEBUG c.Z.p.s.DijkstraServiceOptimizado - 🎯 Destino alcanzado. Visitados: 1020/6938
2025-11-18 22:17:46 [http-nio-8080-exec-5] INFO  c.Z.p.s.DijkstraServiceOptimizado - ✅ Ruta calculada en 1065ms - Distancia: {:.2f}km, Nodos: 1.6077590369573325
2025-11-18 22:17:46 [http-nio-8080-exec-5] INFO  c.Z.p.controller.RutaController - ✅ Ruta calculada en 1156ms - 1.6077590369573325km, 38min
2025-11-18 22:17:53 [http-nio-8080-exec-6] INFO  c.Z.p.controller.RutaController - 🚀 POST /api/rutas/optima
2025-11-18 22:17:53 [http-nio-8080-exec-6] INFO  c.Z.p.controller.RutaController - 📍 Origen: (5.720440934031048, -72.94264513902355)
2025-11-18 22:17:53 [http-nio-8080-exec-6] INFO  c.Z.p.controller.RutaController - 🎯 Destino: (5.721655718642353, -72.94288118811521)
2025-11-18 22:17:53 [http-nio-8080-exec-6] INFO  c.Zygo.proyecto.service.LugarService - Buscando nodo más cercano a 5.720440934031048, -72.94264513902355
2025-11-18 22:17:53 [http-nio-8080-exec-6] INFO  c.Zygo.proyecto.service.LugarService - Buscando nodo más cercano a 5.721655718642353, -72.94288118811521
2025-11-18 22:17:53 [http-nio-8080-exec-6] INFO  c.Z.p.controller.RutaController - ✅ Nodos: Nodo_5.720440_-72.942659 → Nodo_5.721653_-72.942877
2025-11-18 22:17:53 [http-nio-8080-exec-6] INFO  c.Z.p.s.DijkstraServiceOptimizado - 🔍 Calculando ruta óptima: 38371 → 35183 (tráfico: true)
2025-11-18 22:17:54 [http-nio-8080-exec-6] INFO  c.Z.p.s.DijkstraServiceOptimizado - 📊 Nodos relevantes cargados: 6938 (vs 6938 totales)
2025-11-18 22:17:54 [http-nio-8080-exec-6] DEBUG c.Z.p.s.DijkstraServiceOptimizado - 🎯 Destino alcanzado. Visitados: 12/6938
2025-11-18 22:17:54 [http-nio-8080-exec-6] INFO  c.Z.p.s.DijkstraServiceOptimizado - ✅ Ruta calculada en 770ms - Distancia: {:.2f}km, Nodos: 0.20301091583070982
2025-11-18 22:17:54 [http-nio-8080-exec-6] INFO  c.Z.p.controller.RutaController - ✅ Ruta calculada en 830ms - 0.20301091583070982km, 3min
2025-11-18 22:17:57 [http-nio-8080-exec-8] INFO  c.Z.p.controller.RutaController - 🚀 POST /api/rutas/optima
2025-11-18 22:17:57 [http-nio-8080-exec-8] INFO  c.Z.p.controller.RutaController - 📍 Origen: (5.714510418520778, -72.93441299525188)
2025-11-18 22:17:57 [http-nio-8080-exec-8] INFO  c.Z.p.controller.RutaController - 🎯 Destino: (5.717917193606504, -72.93454180182582)
2025-11-18 22:17:57 [http-nio-8080-exec-8] INFO  c.Zygo.proyecto.service.LugarService - Buscando nodo más cercano a 5.714510418520778, -72.93441299525188
2025-11-18 22:17:57 [http-nio-8080-exec-8] INFO  c.Zygo.proyecto.service.LugarService - Buscando nodo más cercano a 5.717917193606504, -72.93454180182582
2025-11-18 22:17:57 [http-nio-8080-exec-8] INFO  c.Z.p.controller.RutaController - ✅ Nodos: Nodo_5.714132_-72.934578 → Nodo_5.718036_-72.934456
2025-11-18 22:17:57 [http-nio-8080-exec-8] INFO  c.Z.p.s.DijkstraServiceOptimizado - 🔍 Calculando ruta óptima: 38509 → 36098 (tráfico: true)
2025-11-18 22:17:57 [http-nio-8080-exec-8] INFO  c.Z.p.s.DijkstraServiceOptimizado - 📊 Nodos relevantes cargados: 6938 (vs 6938 totales)
2025-11-18 22:17:57 [http-nio-8080-exec-8] DEBUG c.Z.p.s.DijkstraServiceOptimizado - 🎯 Destino alcanzado. Visitados: 293/6938
2025-11-18 22:17:57 [http-nio-8080-exec-8] INFO  c.Z.p.s.DijkstraServiceOptimizado - ✅ Ruta calculada en 608ms - Distancia: {:.2f}km, Nodos: 0.5866334760095937
2025-11-18 22:17:57 [http-nio-8080-exec-8] INFO  c.Z.p.controller.RutaController - ✅ Ruta calculada en 670ms - 0.5866334760095937km, 12min
2025-11-18 22:18:05 [http-nio-8080-exec-1] INFO  c.Z.p.controller.UsuarioController - GET /api/usuarios - Obteniendo todos los usuarios
2025-11-18 22:18:05 [http-nio-8080-exec-3] INFO  c.Z.p.controller.PedidoController - 📋 GET /api/pedidos - Obteniendo todos los pedidos
2025-11-18 22:18:05 [http-nio-8080-exec-3] INFO  c.Z.p.controller.PedidoController - ✅ Retornando 25 pedidos
2025-11-18 22:18:05 [http-nio-8080-exec-3] INFO  c.Z.p.controller.PedidoController - 🔢 IDs de pedidos: [1, 2, 3, 4, 5, 6, 7, 8, 9, 10, 11, 12, 13, 14, 15, 16, 17, 18, 19, 20, 21, 22, 23, 24, 25]
2025-11-18 22:32:24 [SpringApplicationShutdownHook] INFO  o.s.b.w.e.tomcat.GracefulShutdown - Commencing graceful shutdown. Waiting for active requests to complete
2025-11-18 22:32:24 [tomcat-shutdown] INFO  o.s.b.w.e.tomcat.GracefulShutdown - Graceful shutdown complete
2025-11-18 22:32:24 [SpringApplicationShutdownHook] INFO  o.s.o.j.LocalContainerEntityManagerFactoryBean - Closing JPA EntityManagerFactory for persistence unit 'default'
2025-11-18 22:32:24 [SpringApplicationShutdownHook] INFO  com.zaxxer.hikari.HikariDataSource - HikariPool-1 - Shutdown initiated...
2025-11-18 22:32:24 [SpringApplicationShutdownHook] INFO  com.zaxxer.hikari.HikariDataSource - HikariPool-1 - Shutdown completed.
2025-11-18 22:35:16 [main] INFO  c.Z.p.ProyectoApplicationTests - Starting ProyectoApplicationTests using Java 21.0.6 with PID 25676 (started by David in C:\Progra3clase\PROGRAFINAL\ProyectoProgra3\proyecto)
2025-11-18 22:35:16 [main] INFO  c.Z.p.ProyectoApplicationTests - No active profile set, falling back to 1 default profile: "default"
2025-11-18 22:35:18 [main] INFO  o.s.d.r.c.RepositoryConfigurationDelegate - Bootstrapping Spring Data JPA repositories in DEFAULT mode.
2025-11-18 22:35:19 [main] INFO  o.s.d.r.c.RepositoryConfigurationDelegate - Finished Spring Data repository scanning in 497 ms. Found 4 JPA repository interfaces.
2025-11-18 22:35:20 [main] INFO  o.h.jpa.internal.util.LogHelper - HHH000204: Processing PersistenceUnitInfo [name: default]
2025-11-18 22:35:20 [main] INFO  org.hibernate.Version - HHH000412: Hibernate ORM core version 6.6.33.Final
2025-11-18 22:35:20 [main] INFO  o.h.c.i.RegionFactoryInitiator - HHH000026: Second-level cache disabled
2025-11-18 22:35:21 [main] INFO  o.s.o.j.p.SpringPersistenceUnitInfo - No LoadTimeWeaver setup: ignoring JPA class transformer
2025-11-18 22:35:21 [main] INFO  com.zaxxer.hikari.HikariDataSource - HikariPool-1 - Starting...
2025-11-18 22:35:22 [main] INFO  com.zaxxer.hikari.pool.HikariPool - HikariPool-1 - Added connection com.mysql.cj.jdbc.ConnectionImpl@c1386b4
2025-11-18 22:35:22 [main] INFO  com.zaxxer.hikari.HikariDataSource - HikariPool-1 - Start completed.
2025-11-18 22:35:22 [main] WARN  org.hibernate.orm.deprecation - HHH90000025: MySQLDialect does not need to be specified explicitly using 'hibernate.dialect' (remove the property setting and it will be selected by default)
2025-11-18 22:35:22 [main] INFO  o.hibernate.orm.connections.pooling - HHH10001005: Database info:
	Database JDBC URL [Connecting through datasource 'HikariDataSource (HikariPool-1)']
	Database driver: undefined/unknown
	Database version: 8.3
	Autocommit mode: undefined/unknown
	Isolation level: undefined/unknown
	Minimum pool size: undefined/unknown
	Maximum pool size: undefined/unknown
2025-11-18 22:35:23 [main] INFO  o.h.e.t.j.p.i.JtaPlatformInitiator - HHH000489: No JTA platform available (set 'hibernate.transaction.jta.platform' to enable JTA platform integration)
2025-11-18 22:35:24 [main] INFO  o.s.o.j.LocalContainerEntityManagerFactoryBean - Initialized JPA EntityManagerFactory for persistence unit 'default'
2025-11-18 22:35:25 [main] INFO  o.s.d.j.r.query.QueryEnhancerFactory - Hibernate is in classpath; If applicable, HQL parser will be used.
2025-11-18 22:35:26 [main] INFO  o.s.s.c.a.a.c.InitializeAuthenticationProviderBeanManagerConfigurer$InitializeAuthenticationProviderManagerConfigurer - Global AuthenticationManager configured with AuthenticationProvider bean with name authenticationProvider
2025-11-18 22:35:26 [main] WARN  o.s.s.c.a.a.c.InitializeUserDetailsBeanManagerConfigurer$InitializeUserDetailsManagerConfigurer - Global AuthenticationManager configured with an AuthenticationProvider bean. UserDetailsService beans will not be used by Spring Security for automatically configuring username/password login. Consider removing the AuthenticationProvider bean. Alternatively, consider using the UserDetailsService in a manually instantiated DaoAuthenticationProvider. If the current configuration is intentional, to turn off this warning, increase the logging level of 'org.springframework.security.config.annotation.authentication.configuration.InitializeUserDetailsBeanManagerConfigurer' to ERROR
2025-11-18 22:35:27 [main] WARN  o.s.b.a.o.j.JpaBaseConfiguration$JpaWebConfiguration - spring.jpa.open-in-view is enabled by default. Therefore, database queries may be performed during view rendering. Explicitly configure spring.jpa.open-in-view to disable this warning
2025-11-18 22:35:27 [main] INFO  o.s.b.a.e.web.EndpointLinksResolver - Exposing 3 endpoints beneath base path '/actuator'
2025-11-18 22:35:28 [main] INFO  c.Z.p.ProyectoApplicationTests - Started ProyectoApplicationTests in 13.022 seconds (process running for 15.071)
2025-11-18 22:35:29 [main] INFO  c.Z.proyecto.config.DataInitializer - ========================================
2025-11-18 22:35:29 [main] INFO  c.Z.proyecto.config.DataInitializer - 🚀 Sistema Zygo - Inicialización
2025-11-18 22:35:29 [main] INFO  c.Z.proyecto.config.DataInitializer - ========================================
2025-11-18 22:35:29 [main] INFO  c.Z.proyecto.config.DataInitializer - ✅ Base de datos ya contiene datos
2025-11-18 22:35:29 [main] INFO  c.Z.proyecto.config.DataInitializer - ========================================
2025-11-18 22:35:29 [main] INFO  c.Z.proyecto.config.DataInitializer - 📊 Estadísticas del Sistema:
2025-11-18 22:35:29 [main] INFO  c.Z.proyecto.config.DataInitializer -    - Nodos en el grafo: 6938
2025-11-18 22:35:29 [main] INFO  c.Z.proyecto.config.DataInitializer -    - Restaurantes: 0
2025-11-18 22:35:29 [main] INFO  c.Z.proyecto.config.DataInitializer -    - Intersecciones: 6938
2025-11-18 22:35:29 [main] INFO  c.Z.proyecto.config.DataInitializer -    - Aristas (calles): 14737
2025-11-18 22:35:29 [main] INFO  c.Z.proyecto.config.DataInitializer -    - Usuarios totales: 24
2025-11-18 22:35:29 [main] INFO  c.Z.proyecto.config.DataInitializer -    - Repartidores: 13
2025-11-18 22:35:29 [main] INFO  c.Z.proyecto.config.DataInitializer -    - Clientes: 6
2025-11-18 22:35:29 [main] INFO  c.Z.proyecto.config.DataInitializer - ========================================
2025-11-18 22:35:30 [SpringApplicationShutdownHook] INFO  o.s.o.j.LocalContainerEntityManagerFactoryBean - Closing JPA EntityManagerFactory for persistence unit 'default'
2025-11-18 22:35:30 [SpringApplicationShutdownHook] INFO  com.zaxxer.hikari.HikariDataSource - HikariPool-1 - Shutdown initiated...
2025-11-18 22:35:30 [SpringApplicationShutdownHook] INFO  com.zaxxer.hikari.HikariDataSource - HikariPool-1 - Shutdown completed.
2025-11-18 22:35:42 [main] INFO  c.Zygo.proyecto.ProyectoApplication - Starting ProyectoApplication using Java 21.0.6 with PID 37096 (C:\Progra3clase\PROGRAFINAL\ProyectoProgra3\proyecto\target\classes started by David in C:\Progra3clase\PROGRAFINAL\ProyectoProgra3\proyecto)
2025-11-18 22:35:42 [main] INFO  c.Zygo.proyecto.ProyectoApplication - No active profile set, falling back to 1 default profile: "default"
2025-11-18 22:35:43 [main] INFO  o.s.d.r.c.RepositoryConfigurationDelegate - Bootstrapping Spring Data JPA repositories in DEFAULT mode.
2025-11-18 22:35:43 [main] INFO  o.s.d.r.c.RepositoryConfigurationDelegate - Finished Spring Data repository scanning in 162 ms. Found 4 JPA repository interfaces.
2025-11-18 22:35:44 [main] INFO  o.s.b.w.e.tomcat.TomcatWebServer - Tomcat initialized with port 8080 (http)
2025-11-18 22:35:44 [main] INFO  o.a.catalina.core.StandardService - Starting service [Tomcat]
2025-11-18 22:35:44 [main] INFO  o.a.catalina.core.StandardEngine - Starting Servlet engine: [Apache Tomcat/10.1.48]
2025-11-18 22:35:44 [main] INFO  o.a.c.c.C.[Tomcat].[localhost].[/] - Initializing Spring embedded WebApplicationContext
2025-11-18 22:35:44 [main] INFO  o.s.b.w.s.c.ServletWebServerApplicationContext - Root WebApplicationContext: initialization completed in 2329 ms
2025-11-18 22:35:44 [main] INFO  o.h.jpa.internal.util.LogHelper - HHH000204: Processing PersistenceUnitInfo [name: default]
2025-11-18 22:35:44 [main] INFO  org.hibernate.Version - HHH000412: Hibernate ORM core version 6.6.33.Final
2025-11-18 22:35:44 [main] INFO  o.h.c.i.RegionFactoryInitiator - HHH000026: Second-level cache disabled
2025-11-18 22:35:45 [main] INFO  o.s.o.j.p.SpringPersistenceUnitInfo - No LoadTimeWeaver setup: ignoring JPA class transformer
2025-11-18 22:35:45 [main] INFO  com.zaxxer.hikari.HikariDataSource - HikariPool-1 - Starting...
2025-11-18 22:35:45 [main] INFO  com.zaxxer.hikari.pool.HikariPool - HikariPool-1 - Added connection com.mysql.cj.jdbc.ConnectionImpl@70700b8a
2025-11-18 22:35:45 [main] INFO  com.zaxxer.hikari.HikariDataSource - HikariPool-1 - Start completed.
2025-11-18 22:35:45 [main] WARN  org.hibernate.orm.deprecation - HHH90000025: MySQLDialect does not need to be specified explicitly using 'hibernate.dialect' (remove the property setting and it will be selected by default)
2025-11-18 22:35:45 [main] INFO  o.hibernate.orm.connections.pooling - HHH10001005: Database info:
	Database JDBC URL [Connecting through datasource 'HikariDataSource (HikariPool-1)']
	Database driver: undefined/unknown
	Database version: 8.3
	Autocommit mode: undefined/unknown
	Isolation level: undefined/unknown
	Minimum pool size: undefined/unknown
	Maximum pool size: undefined/unknown
2025-11-18 22:35:47 [main] INFO  o.h.e.t.j.p.i.JtaPlatformInitiator - HHH000489: No JTA platform available (set 'hibernate.transaction.jta.platform' to enable JTA platform integration)
2025-11-18 22:35:47 [main] INFO  o.s.o.j.LocalContainerEntityManagerFactoryBean - Initialized JPA EntityManagerFactory for persistence unit 'default'
2025-11-18 22:35:47 [main] INFO  o.s.d.j.r.query.QueryEnhancerFactory - Hibernate is in classpath; If applicable, HQL parser will be used.
2025-11-18 22:35:49 [main] INFO  o.s.s.c.a.a.c.InitializeAuthenticationProviderBeanManagerConfigurer$InitializeAuthenticationProviderManagerConfigurer - Global AuthenticationManager configured with AuthenticationProvider bean with name authenticationProvider
2025-11-18 22:35:49 [main] WARN  o.s.s.c.a.a.c.InitializeUserDetailsBeanManagerConfigurer$InitializeUserDetailsManagerConfigurer - Global AuthenticationManager configured with an AuthenticationProvider bean. UserDetailsService beans will not be used by Spring Security for automatically configuring username/password login. Consider removing the AuthenticationProvider bean. Alternatively, consider using the UserDetailsService in a manually instantiated DaoAuthenticationProvider. If the current configuration is intentional, to turn off this warning, increase the logging level of 'org.springframework.security.config.annotation.authentication.configuration.InitializeUserDetailsBeanManagerConfigurer' to ERROR
2025-11-18 22:35:50 [main] WARN  o.s.b.a.o.j.JpaBaseConfiguration$JpaWebConfiguration - spring.jpa.open-in-view is enabled by default. Therefore, database queries may be performed during view rendering. Explicitly configure spring.jpa.open-in-view to disable this warning
2025-11-18 22:35:50 [main] INFO  o.s.b.a.e.web.EndpointLinksResolver - Exposing 3 endpoints beneath base path '/actuator'
2025-11-18 22:35:51 [main] INFO  o.s.b.w.e.tomcat.TomcatWebServer - Tomcat started on port 8080 (http) with context path '/'
2025-11-18 22:35:51 [main] INFO  c.Zygo.proyecto.ProyectoApplication - Started ProyectoApplication in 10.633 seconds (process running for 11.036)
2025-11-18 22:35:52 [main] INFO  c.Z.proyecto.config.DataInitializer - ========================================
2025-11-18 22:35:52 [main] INFO  c.Z.proyecto.config.DataInitializer - 🚀 Sistema Zygo - Inicialización
2025-11-18 22:35:52 [main] INFO  c.Z.proyecto.config.DataInitializer - ========================================
2025-11-18 22:35:52 [main] INFO  c.Z.proyecto.config.DataInitializer - ✅ Base de datos ya contiene datos
2025-11-18 22:35:52 [main] INFO  c.Z.proyecto.config.DataInitializer - ========================================
2025-11-18 22:35:52 [main] INFO  c.Z.proyecto.config.DataInitializer - 📊 Estadísticas del Sistema:
2025-11-18 22:35:52 [main] INFO  c.Z.proyecto.config.DataInitializer -    - Nodos en el grafo: 6938
2025-11-18 22:35:52 [main] INFO  c.Z.proyecto.config.DataInitializer -    - Restaurantes: 0
2025-11-18 22:35:52 [main] INFO  c.Z.proyecto.config.DataInitializer -    - Intersecciones: 6938
2025-11-18 22:35:52 [main] INFO  c.Z.proyecto.config.DataInitializer -    - Aristas (calles): 14737
2025-11-18 22:35:52 [main] INFO  c.Z.proyecto.config.DataInitializer -    - Usuarios totales: 24
2025-11-18 22:35:52 [main] INFO  c.Z.proyecto.config.DataInitializer -    - Repartidores: 13
2025-11-18 22:35:52 [main] INFO  c.Z.proyecto.config.DataInitializer -    - Clientes: 6
2025-11-18 22:35:52 [main] INFO  c.Z.proyecto.config.DataInitializer - ========================================
2025-11-18 22:37:10 [SpringApplicationShutdownHook] INFO  o.s.b.w.e.tomcat.GracefulShutdown - Commencing graceful shutdown. Waiting for active requests to complete
2025-11-18 22:37:10 [tomcat-shutdown] INFO  o.s.b.w.e.tomcat.GracefulShutdown - Graceful shutdown complete
2025-11-18 22:37:10 [SpringApplicationShutdownHook] INFO  o.s.o.j.LocalContainerEntityManagerFactoryBean - Closing JPA EntityManagerFactory for persistence unit 'default'
2025-11-18 22:37:10 [SpringApplicationShutdownHook] INFO  com.zaxxer.hikari.HikariDataSource - HikariPool-1 - Shutdown initiated...
2025-11-18 22:37:11 [SpringApplicationShutdownHook] INFO  com.zaxxer.hikari.HikariDataSource - HikariPool-1 - Shutdown completed.
2025-11-18 22:37:29 [main] INFO  c.Z.p.ProyectoApplicationTests - Starting ProyectoApplicationTests using Java 21.0.6 with PID 54344 (started by David in C:\Progra3clase\PROGRAFINAL\ProyectoProgra3\proyecto)
2025-11-18 22:37:29 [main] INFO  c.Z.p.ProyectoApplicationTests - No active profile set, falling back to 1 default profile: "default"
2025-11-18 22:37:31 [main] INFO  o.s.d.r.c.RepositoryConfigurationDelegate - Bootstrapping Spring Data JPA repositories in DEFAULT mode.
2025-11-18 22:37:31 [main] INFO  o.s.d.r.c.RepositoryConfigurationDelegate - Finished Spring Data repository scanning in 320 ms. Found 4 JPA repository interfaces.
2025-11-18 22:37:33 [main] INFO  o.h.jpa.internal.util.LogHelper - HHH000204: Processing PersistenceUnitInfo [name: default]
2025-11-18 22:37:33 [main] INFO  org.hibernate.Version - HHH000412: Hibernate ORM core version 6.6.33.Final
2025-11-18 22:37:33 [main] INFO  o.h.c.i.RegionFactoryInitiator - HHH000026: Second-level cache disabled
2025-11-18 22:37:34 [main] INFO  o.s.o.j.p.SpringPersistenceUnitInfo - No LoadTimeWeaver setup: ignoring JPA class transformer
2025-11-18 22:37:34 [main] INFO  com.zaxxer.hikari.HikariDataSource - HikariPool-1 - Starting...
2025-11-18 22:37:34 [main] INFO  com.zaxxer.hikari.pool.HikariPool - HikariPool-1 - Added connection com.mysql.cj.jdbc.ConnectionImpl@5059d398
2025-11-18 22:37:34 [main] INFO  com.zaxxer.hikari.HikariDataSource - HikariPool-1 - Start completed.
2025-11-18 22:37:34 [main] WARN  org.hibernate.orm.deprecation - HHH90000025: MySQLDialect does not need to be specified explicitly using 'hibernate.dialect' (remove the property setting and it will be selected by default)
2025-11-18 22:37:34 [main] INFO  o.hibernate.orm.connections.pooling - HHH10001005: Database info:
	Database JDBC URL [Connecting through datasource 'HikariDataSource (HikariPool-1)']
	Database driver: undefined/unknown
	Database version: 8.3
	Autocommit mode: undefined/unknown
	Isolation level: undefined/unknown
	Minimum pool size: undefined/unknown
	Maximum pool size: undefined/unknown
2025-11-18 22:37:35 [main] INFO  o.h.e.t.j.p.i.JtaPlatformInitiator - HHH000489: No JTA platform available (set 'hibernate.transaction.jta.platform' to enable JTA platform integration)
2025-11-18 22:37:36 [main] INFO  o.s.o.j.LocalContainerEntityManagerFactoryBean - Initialized JPA EntityManagerFactory for persistence unit 'default'
2025-11-18 22:37:36 [main] INFO  o.s.d.j.r.query.QueryEnhancerFactory - Hibernate is in classpath; If applicable, HQL parser will be used.
2025-11-18 22:37:38 [main] INFO  o.s.s.c.a.a.c.InitializeAuthenticationProviderBeanManagerConfigurer$InitializeAuthenticationProviderManagerConfigurer - Global AuthenticationManager configured with AuthenticationProvider bean with name authenticationProvider
2025-11-18 22:37:38 [main] WARN  o.s.s.c.a.a.c.InitializeUserDetailsBeanManagerConfigurer$InitializeUserDetailsManagerConfigurer - Global AuthenticationManager configured with an AuthenticationProvider bean. UserDetailsService beans will not be used by Spring Security for automatically configuring username/password login. Consider removing the AuthenticationProvider bean. Alternatively, consider using the UserDetailsService in a manually instantiated DaoAuthenticationProvider. If the current configuration is intentional, to turn off this warning, increase the logging level of 'org.springframework.security.config.annotation.authentication.configuration.InitializeUserDetailsBeanManagerConfigurer' to ERROR
2025-11-18 22:37:39 [main] WARN  o.s.b.a.o.j.JpaBaseConfiguration$JpaWebConfiguration - spring.jpa.open-in-view is enabled by default. Therefore, database queries may be performed during view rendering. Explicitly configure spring.jpa.open-in-view to disable this warning
2025-11-18 22:37:40 [main] INFO  o.s.b.a.e.web.EndpointLinksResolver - Exposing 3 endpoints beneath base path '/actuator'
2025-11-18 22:37:41 [main] INFO  c.Z.p.ProyectoApplicationTests - Started ProyectoApplicationTests in 12.217 seconds (process running for 13.912)
2025-11-18 22:37:41 [main] INFO  c.Z.proyecto.config.DataInitializer - ========================================
2025-11-18 22:37:41 [main] INFO  c.Z.proyecto.config.DataInitializer - 🚀 Sistema Zygo - Inicialización
2025-11-18 22:37:41 [main] INFO  c.Z.proyecto.config.DataInitializer - ========================================
2025-11-18 22:37:41 [main] INFO  c.Z.proyecto.config.DataInitializer - ✅ Base de datos ya contiene datos
2025-11-18 22:37:41 [main] INFO  c.Z.proyecto.config.DataInitializer - ========================================
2025-11-18 22:37:41 [main] INFO  c.Z.proyecto.config.DataInitializer - 📊 Estadísticas del Sistema:
2025-11-18 22:37:41 [main] INFO  c.Z.proyecto.config.DataInitializer -    - Nodos en el grafo: 6938
2025-11-18 22:37:41 [main] INFO  c.Z.proyecto.config.DataInitializer -    - Restaurantes: 0
2025-11-18 22:37:41 [main] INFO  c.Z.proyecto.config.DataInitializer -    - Intersecciones: 6938
2025-11-18 22:37:41 [main] INFO  c.Z.proyecto.config.DataInitializer -    - Aristas (calles): 14737
2025-11-18 22:37:41 [main] INFO  c.Z.proyecto.config.DataInitializer -    - Usuarios totales: 24
2025-11-18 22:37:41 [main] INFO  c.Z.proyecto.config.DataInitializer -    - Repartidores: 13
2025-11-18 22:37:41 [main] INFO  c.Z.proyecto.config.DataInitializer -    - Clientes: 6
2025-11-18 22:37:41 [main] INFO  c.Z.proyecto.config.DataInitializer - ========================================
2025-11-18 22:37:42 [SpringApplicationShutdownHook] INFO  o.s.o.j.LocalContainerEntityManagerFactoryBean - Closing JPA EntityManagerFactory for persistence unit 'default'
2025-11-18 22:37:42 [SpringApplicationShutdownHook] INFO  com.zaxxer.hikari.HikariDataSource - HikariPool-1 - Shutdown initiated...
2025-11-18 22:37:42 [SpringApplicationShutdownHook] INFO  com.zaxxer.hikari.HikariDataSource - HikariPool-1 - Shutdown completed.
2025-11-18 22:38:01 [main] INFO  c.Z.p.ProyectoApplicationTests - Starting ProyectoApplicationTests using Java 21.0.6 with PID 93916 (started by David in C:\Progra3clase\PROGRAFINAL\ProyectoProgra3\proyecto)
2025-11-18 22:38:01 [main] INFO  c.Z.p.ProyectoApplicationTests - No active profile set, falling back to 1 default profile: "default"
2025-11-18 22:38:03 [main] INFO  o.s.d.r.c.RepositoryConfigurationDelegate - Bootstrapping Spring Data JPA repositories in DEFAULT mode.
2025-11-18 22:38:04 [main] INFO  o.s.d.r.c.RepositoryConfigurationDelegate - Finished Spring Data repository scanning in 365 ms. Found 4 JPA repository interfaces.
2025-11-18 22:38:05 [main] INFO  o.h.jpa.internal.util.LogHelper - HHH000204: Processing PersistenceUnitInfo [name: default]
2025-11-18 22:38:05 [main] INFO  org.hibernate.Version - HHH000412: Hibernate ORM core version 6.6.33.Final
2025-11-18 22:38:05 [main] INFO  o.h.c.i.RegionFactoryInitiator - HHH000026: Second-level cache disabled
2025-11-18 22:38:06 [main] INFO  o.s.o.j.p.SpringPersistenceUnitInfo - No LoadTimeWeaver setup: ignoring JPA class transformer
2025-11-18 22:38:06 [main] INFO  com.zaxxer.hikari.HikariDataSource - HikariPool-1 - Starting...
2025-11-18 22:38:06 [main] INFO  com.zaxxer.hikari.pool.HikariPool - HikariPool-1 - Added connection com.mysql.cj.jdbc.ConnectionImpl@5059d398
2025-11-18 22:38:06 [main] INFO  com.zaxxer.hikari.HikariDataSource - HikariPool-1 - Start completed.
2025-11-18 22:38:06 [main] WARN  org.hibernate.orm.deprecation - HHH90000025: MySQLDialect does not need to be specified explicitly using 'hibernate.dialect' (remove the property setting and it will be selected by default)
2025-11-18 22:38:06 [main] INFO  o.hibernate.orm.connections.pooling - HHH10001005: Database info:
	Database JDBC URL [Connecting through datasource 'HikariDataSource (HikariPool-1)']
	Database driver: undefined/unknown
	Database version: 8.3
	Autocommit mode: undefined/unknown
	Isolation level: undefined/unknown
	Minimum pool size: undefined/unknown
	Maximum pool size: undefined/unknown
2025-11-18 22:38:07 [main] INFO  o.h.e.t.j.p.i.JtaPlatformInitiator - HHH000489: No JTA platform available (set 'hibernate.transaction.jta.platform' to enable JTA platform integration)
2025-11-18 22:38:08 [main] INFO  o.s.o.j.LocalContainerEntityManagerFactoryBean - Initialized JPA EntityManagerFactory for persistence unit 'default'
2025-11-18 22:38:08 [main] INFO  o.s.d.j.r.query.QueryEnhancerFactory - Hibernate is in classpath; If applicable, HQL parser will be used.
2025-11-18 22:38:10 [main] INFO  o.s.s.c.a.a.c.InitializeAuthenticationProviderBeanManagerConfigurer$InitializeAuthenticationProviderManagerConfigurer - Global AuthenticationManager configured with AuthenticationProvider bean with name authenticationProvider
2025-11-18 22:38:10 [main] WARN  o.s.s.c.a.a.c.InitializeUserDetailsBeanManagerConfigurer$InitializeUserDetailsManagerConfigurer - Global AuthenticationManager configured with an AuthenticationProvider bean. UserDetailsService beans will not be used by Spring Security for automatically configuring username/password login. Consider removing the AuthenticationProvider bean. Alternatively, consider using the UserDetailsService in a manually instantiated DaoAuthenticationProvider. If the current configuration is intentional, to turn off this warning, increase the logging level of 'org.springframework.security.config.annotation.authentication.configuration.InitializeUserDetailsBeanManagerConfigurer' to ERROR
2025-11-18 22:38:10 [main] WARN  o.s.b.a.o.j.JpaBaseConfiguration$JpaWebConfiguration - spring.jpa.open-in-view is enabled by default. Therefore, database queries may be performed during view rendering. Explicitly configure spring.jpa.open-in-view to disable this warning
2025-11-18 22:38:11 [main] INFO  o.s.b.a.e.web.EndpointLinksResolver - Exposing 3 endpoints beneath base path '/actuator'
2025-11-18 22:38:12 [main] INFO  c.Z.p.ProyectoApplicationTests - Started ProyectoApplicationTests in 11.254 seconds (process running for 13.292)
2025-11-18 22:38:12 [main] INFO  c.Z.proyecto.config.DataInitializer - ========================================
2025-11-18 22:38:12 [main] INFO  c.Z.proyecto.config.DataInitializer - 🚀 Sistema Zygo - Inicialización
2025-11-18 22:38:12 [main] INFO  c.Z.proyecto.config.DataInitializer - ========================================
2025-11-18 22:38:12 [main] INFO  c.Z.proyecto.config.DataInitializer - ✅ Base de datos ya contiene datos
2025-11-18 22:38:12 [main] INFO  c.Z.proyecto.config.DataInitializer - ========================================
2025-11-18 22:38:12 [main] INFO  c.Z.proyecto.config.DataInitializer - 📊 Estadísticas del Sistema:
2025-11-18 22:38:12 [main] INFO  c.Z.proyecto.config.DataInitializer -    - Nodos en el grafo: 6938
2025-11-18 22:38:12 [main] INFO  c.Z.proyecto.config.DataInitializer -    - Restaurantes: 0
2025-11-18 22:38:12 [main] INFO  c.Z.proyecto.config.DataInitializer -    - Intersecciones: 6938
2025-11-18 22:38:12 [main] INFO  c.Z.proyecto.config.DataInitializer -    - Aristas (calles): 14737
2025-11-18 22:38:12 [main] INFO  c.Z.proyecto.config.DataInitializer -    - Usuarios totales: 24
2025-11-18 22:38:12 [main] INFO  c.Z.proyecto.config.DataInitializer -    - Repartidores: 13
2025-11-18 22:38:12 [main] INFO  c.Z.proyecto.config.DataInitializer -    - Clientes: 6
2025-11-18 22:38:12 [main] INFO  c.Z.proyecto.config.DataInitializer - ========================================
2025-11-18 22:38:13 [SpringApplicationShutdownHook] INFO  o.s.o.j.LocalContainerEntityManagerFactoryBean - Closing JPA EntityManagerFactory for persistence unit 'default'
2025-11-18 22:38:13 [SpringApplicationShutdownHook] INFO  com.zaxxer.hikari.HikariDataSource - HikariPool-1 - Shutdown initiated...
2025-11-18 22:38:13 [SpringApplicationShutdownHook] INFO  com.zaxxer.hikari.HikariDataSource - HikariPool-1 - Shutdown completed.
2025-11-18 22:38:25 [main] INFO  c.Zygo.proyecto.ProyectoApplication - Starting ProyectoApplication using Java 21.0.6 with PID 20248 (C:\Progra3clase\PROGRAFINAL\ProyectoProgra3\proyecto\target\classes started by David in C:\Progra3clase\PROGRAFINAL\ProyectoProgra3\proyecto)
2025-11-18 22:38:25 [main] INFO  c.Zygo.proyecto.ProyectoApplication - No active profile set, falling back to 1 default profile: "default"
2025-11-18 22:38:27 [main] INFO  o.s.d.r.c.RepositoryConfigurationDelegate - Bootstrapping Spring Data JPA repositories in DEFAULT mode.
2025-11-18 22:38:27 [main] INFO  o.s.d.r.c.RepositoryConfigurationDelegate - Finished Spring Data repository scanning in 175 ms. Found 4 JPA repository interfaces.
2025-11-18 22:38:28 [main] INFO  o.s.b.w.e.tomcat.TomcatWebServer - Tomcat initialized with port 8080 (http)
2025-11-18 22:38:28 [main] INFO  o.a.catalina.core.StandardService - Starting service [Tomcat]
2025-11-18 22:38:28 [main] INFO  o.a.catalina.core.StandardEngine - Starting Servlet engine: [Apache Tomcat/10.1.48]
2025-11-18 22:38:28 [main] INFO  o.a.c.c.C.[Tomcat].[localhost].[/] - Initializing Spring embedded WebApplicationContext
2025-11-18 22:38:28 [main] INFO  o.s.b.w.s.c.ServletWebServerApplicationContext - Root WebApplicationContext: initialization completed in 2537 ms
2025-11-18 22:38:28 [main] INFO  o.h.jpa.internal.util.LogHelper - HHH000204: Processing PersistenceUnitInfo [name: default]
2025-11-18 22:38:28 [main] INFO  org.hibernate.Version - HHH000412: Hibernate ORM core version 6.6.33.Final
2025-11-18 22:38:28 [main] INFO  o.h.c.i.RegionFactoryInitiator - HHH000026: Second-level cache disabled
2025-11-18 22:38:29 [main] INFO  o.s.o.j.p.SpringPersistenceUnitInfo - No LoadTimeWeaver setup: ignoring JPA class transformer
2025-11-18 22:38:29 [main] INFO  com.zaxxer.hikari.HikariDataSource - HikariPool-1 - Starting...
2025-11-18 22:38:29 [main] INFO  com.zaxxer.hikari.pool.HikariPool - HikariPool-1 - Added connection com.mysql.cj.jdbc.ConnectionImpl@3428420d
2025-11-18 22:38:29 [main] INFO  com.zaxxer.hikari.HikariDataSource - HikariPool-1 - Start completed.
2025-11-18 22:38:29 [main] WARN  org.hibernate.orm.deprecation - HHH90000025: MySQLDialect does not need to be specified explicitly using 'hibernate.dialect' (remove the property setting and it will be selected by default)
2025-11-18 22:38:29 [main] INFO  o.hibernate.orm.connections.pooling - HHH10001005: Database info:
	Database JDBC URL [Connecting through datasource 'HikariDataSource (HikariPool-1)']
	Database driver: undefined/unknown
	Database version: 8.3
	Autocommit mode: undefined/unknown
	Isolation level: undefined/unknown
	Minimum pool size: undefined/unknown
	Maximum pool size: undefined/unknown
2025-11-18 22:38:30 [main] INFO  o.h.e.t.j.p.i.JtaPlatformInitiator - HHH000489: No JTA platform available (set 'hibernate.transaction.jta.platform' to enable JTA platform integration)
2025-11-18 22:38:30 [main] INFO  o.s.o.j.LocalContainerEntityManagerFactoryBean - Initialized JPA EntityManagerFactory for persistence unit 'default'
2025-11-18 22:38:31 [main] INFO  o.s.d.j.r.query.QueryEnhancerFactory - Hibernate is in classpath; If applicable, HQL parser will be used.
2025-11-18 22:38:32 [main] INFO  o.s.s.c.a.a.c.InitializeAuthenticationProviderBeanManagerConfigurer$InitializeAuthenticationProviderManagerConfigurer - Global AuthenticationManager configured with AuthenticationProvider bean with name authenticationProvider
2025-11-18 22:38:32 [main] WARN  o.s.s.c.a.a.c.InitializeUserDetailsBeanManagerConfigurer$InitializeUserDetailsManagerConfigurer - Global AuthenticationManager configured with an AuthenticationProvider bean. UserDetailsService beans will not be used by Spring Security for automatically configuring username/password login. Consider removing the AuthenticationProvider bean. Alternatively, consider using the UserDetailsService in a manually instantiated DaoAuthenticationProvider. If the current configuration is intentional, to turn off this warning, increase the logging level of 'org.springframework.security.config.annotation.authentication.configuration.InitializeUserDetailsBeanManagerConfigurer' to ERROR
2025-11-18 22:38:33 [main] WARN  o.s.b.a.o.j.JpaBaseConfiguration$JpaWebConfiguration - spring.jpa.open-in-view is enabled by default. Therefore, database queries may be performed during view rendering. Explicitly configure spring.jpa.open-in-view to disable this warning
2025-11-18 22:38:33 [main] INFO  o.s.b.a.e.web.EndpointLinksResolver - Exposing 3 endpoints beneath base path '/actuator'
2025-11-18 22:38:34 [main] INFO  o.s.b.w.e.tomcat.TomcatWebServer - Tomcat started on port 8080 (http) with context path '/'
2025-11-18 22:38:34 [main] INFO  c.Zygo.proyecto.ProyectoApplication - Started ProyectoApplication in 9.505 seconds (process running for 10.022)
2025-11-18 22:38:34 [main] INFO  c.Z.proyecto.config.DataInitializer - ========================================
2025-11-18 22:38:34 [main] INFO  c.Z.proyecto.config.DataInitializer - 🚀 Sistema Zygo - Inicialización
2025-11-18 22:38:34 [main] INFO  c.Z.proyecto.config.DataInitializer - ========================================
2025-11-18 22:38:34 [main] INFO  c.Z.proyecto.config.DataInitializer - ✅ Base de datos ya contiene datos
2025-11-18 22:38:34 [main] INFO  c.Z.proyecto.config.DataInitializer - ========================================
2025-11-18 22:38:34 [main] INFO  c.Z.proyecto.config.DataInitializer - 📊 Estadísticas del Sistema:
2025-11-18 22:38:34 [main] INFO  c.Z.proyecto.config.DataInitializer -    - Nodos en el grafo: 6938
2025-11-18 22:38:34 [main] INFO  c.Z.proyecto.config.DataInitializer -    - Restaurantes: 0
2025-11-18 22:38:34 [main] INFO  c.Z.proyecto.config.DataInitializer -    - Intersecciones: 6938
2025-11-18 22:38:34 [main] INFO  c.Z.proyecto.config.DataInitializer -    - Aristas (calles): 14737
2025-11-18 22:38:34 [main] INFO  c.Z.proyecto.config.DataInitializer -    - Usuarios totales: 24
2025-11-18 22:38:34 [main] INFO  c.Z.proyecto.config.DataInitializer -    - Repartidores: 13
2025-11-18 22:38:34 [main] INFO  c.Z.proyecto.config.DataInitializer -    - Clientes: 6
2025-11-18 22:38:34 [main] INFO  c.Z.proyecto.config.DataInitializer - ========================================
2025-11-18 22:39:40 [http-nio-8080-exec-1] INFO  o.a.c.c.C.[Tomcat].[localhost].[/] - Initializing Spring DispatcherServlet 'dispatcherServlet'
2025-11-18 22:39:40 [http-nio-8080-exec-1] INFO  o.s.web.servlet.DispatcherServlet - Initializing Servlet 'dispatcherServlet'
2025-11-18 22:39:40 [http-nio-8080-exec-1] INFO  o.s.web.servlet.DispatcherServlet - Completed initialization in 1 ms
2025-11-18 22:39:40 [http-nio-8080-exec-1] INFO  c.Z.p.controller.AdminController - 🍽️ Creando 7 restaurantes...
2025-11-18 22:39:40 [http-nio-8080-exec-1] INFO  c.Z.p.controller.AdminController - ✅ 7 restaurantes creados exitosamente
2025-11-18 22:39:40 [http-nio-8080-exec-1] INFO  c.Z.p.controller.AdminController - 🚴 Creando repartidores faltantes...
2025-11-18 22:39:41 [http-nio-8080-exec-1] INFO  c.Z.p.controller.AdminController - ✅ 15 repartidores creados
2025-11-18 22:40:36 [http-nio-8080-exec-6] INFO  c.Z.p.controller.PedidoController - 📋 GET /api/pedidos - Obteniendo todos los pedidos
2025-11-18 22:40:36 [http-nio-8080-exec-4] INFO  c.Z.p.controller.UsuarioController - GET /api/usuarios - Obteniendo todos los usuarios
2025-11-18 22:40:36 [http-nio-8080-exec-6] INFO  c.Z.p.controller.PedidoController - ✅ Retornando 25 pedidos
2025-11-18 22:40:36 [http-nio-8080-exec-6] INFO  c.Z.p.controller.PedidoController - 🔢 IDs de pedidos: [1, 2, 3, 4, 5, 6, 7, 8, 9, 10, 11, 12, 13, 14, 15, 16, 17, 18, 19, 20, 21, 22, 23, 24, 25]
2025-11-18 22:40:53 [http-nio-8080-exec-2] INFO  c.Z.p.controller.RutaController - 🚀 POST /api/rutas/optima
2025-11-18 22:40:53 [http-nio-8080-exec-2] INFO  c.Z.p.controller.RutaController - 📍 Origen: (5.72096759656371, -72.93201434098212)
2025-11-18 22:40:53 [http-nio-8080-exec-2] INFO  c.Z.p.controller.RutaController - 🎯 Destino: (5.715928786724938, -72.93398118214877)
2025-11-18 22:40:53 [http-nio-8080-exec-2] INFO  c.Zygo.proyecto.service.LugarService - Buscando nodo más cercano a 5.72096759656371, -72.93201434098212
2025-11-18 22:40:54 [http-nio-8080-exec-2] INFO  c.Zygo.proyecto.service.LugarService - Buscando nodo más cercano a 5.715928786724938, -72.93398118214877
2025-11-18 22:40:54 [http-nio-8080-exec-2] INFO  c.Z.p.controller.RutaController - ✅ Nodos: Nodo_5.721221_-72.932057 → Comidas Rápidas Central
2025-11-18 22:40:54 [http-nio-8080-exec-2] INFO  c.Z.p.s.DijkstraServiceOptimizado - 🔍 Calculando ruta óptima: 38468 → 38755 (tráfico: true)
2025-11-18 22:40:54 [http-nio-8080-exec-2] INFO  c.Z.p.s.DijkstraServiceOptimizado - 📊 Nodos relevantes cargados: 6945 (vs 6945 totales)
2025-11-18 22:40:55 [http-nio-8080-exec-2] ERROR c.Z.p.controller.RutaController - ❌ Error: No existe camino entre los nodos especificados
java.lang.RuntimeException: No existe camino entre los nodos especificados
	at com.Zygo.proyecto.service.DijkstraServiceOptimizado.encontrarRutaOptima(DijkstraServiceOptimizado.java:78)
	at java.base/jdk.internal.reflect.DirectMethodHandleAccessor.invoke(DirectMethodHandleAccessor.java:103)
	at java.base/java.lang.reflect.Method.invoke(Method.java:580)
	at org.springframework.aop.support.AopUtils.invokeJoinpointUsingReflection(AopUtils.java:360)
	at org.springframework.aop.framework.ReflectiveMethodInvocation.invokeJoinpoint(ReflectiveMethodInvocation.java:196)
	at org.springframework.aop.framework.ReflectiveMethodInvocation.proceed(ReflectiveMethodInvocation.java:163)
	at org.springframework.transaction.interceptor.TransactionAspectSupport.invokeWithinTransaction(TransactionAspectSupport.java:380)
	at org.springframework.transaction.interceptor.TransactionInterceptor.invoke(TransactionInterceptor.java:119)
	at org.springframework.aop.framework.ReflectiveMethodInvocation.proceed(ReflectiveMethodInvocation.java:184)
	at org.springframework.cache.interceptor.CacheInterceptor.lambda$invoke$0(CacheInterceptor.java:55)
	at org.springframework.cache.interceptor.CacheAspectSupport.invokeOperation(CacheAspectSupport.java:431)
	at org.springframework.cache.interceptor.CacheAspectSupport.evaluate(CacheAspectSupport.java:601)
	at org.springframework.cache.interceptor.CacheAspectSupport.execute(CacheAspectSupport.java:448)
	at org.springframework.cache.interceptor.CacheAspectSupport.execute(CacheAspectSupport.java:410)
	at org.springframework.cache.interceptor.CacheInterceptor.invoke(CacheInterceptor.java:65)
	at org.springframework.aop.framework.ReflectiveMethodInvocation.proceed(ReflectiveMethodInvocation.java:184)
	at org.springframework.aop.framework.CglibAopProxy$DynamicAdvisedInterceptor.intercept(CglibAopProxy.java:728)
	at com.Zygo.proyecto.service.DijkstraServiceOptimizado$$SpringCGLIB$$0.encontrarRutaOptima(<generated>)
	at com.Zygo.proyecto.controller.RutaController.calcularRutaPorCoordenadas(RutaController.java:64)
	at java.base/jdk.internal.reflect.DirectMethodHandleAccessor.invoke(DirectMethodHandleAccessor.java:103)
	at java.base/java.lang.reflect.Method.invoke(Method.java:580)
	at org.springframework.web.method.support.InvocableHandlerMethod.doInvoke(InvocableHandlerMethod.java:258)
	at org.springframework.web.method.support.InvocableHandlerMethod.invokeForRequest(InvocableHandlerMethod.java:191)
	at org.springframework.web.servlet.mvc.method.annotation.ServletInvocableHandlerMethod.invokeAndHandle(ServletInvocableHandlerMethod.java:118)
	at org.springframework.web.servlet.mvc.method.annotation.RequestMappingHandlerAdapter.invokeHandlerMethod(RequestMappingHandlerAdapter.java:991)
	at org.springframework.web.servlet.mvc.method.annotation.RequestMappingHandlerAdapter.handleInternal(RequestMappingHandlerAdapter.java:896)
	at org.springframework.web.servlet.mvc.method.AbstractHandlerMethodAdapter.handle(AbstractHandlerMethodAdapter.java:87)
	at org.springframework.web.servlet.DispatcherServlet.doDispatch(DispatcherServlet.java:1089)
	at org.springframework.web.servlet.DispatcherServlet.doService(DispatcherServlet.java:979)
	at org.springframework.web.servlet.FrameworkServlet.processRequest(FrameworkServlet.java:1014)
	at org.springframework.web.servlet.FrameworkServlet.doPost(FrameworkServlet.java:914)
	at jakarta.servlet.http.HttpServlet.service(HttpServlet.java:590)
	at org.springframework.web.servlet.FrameworkServlet.service(FrameworkServlet.java:885)
	at jakarta.servlet.http.HttpServlet.service(HttpServlet.java:658)
	at org.apache.catalina.core.ApplicationFilterChain.internalDoFilter(ApplicationFilterChain.java:193)
	at org.apache.catalina.core.ApplicationFilterChain.doFilter(ApplicationFilterChain.java:138)
	at org.apache.tomcat.websocket.server.WsFilter.doFilter(WsFilter.java:51)
	at org.apache.catalina.core.ApplicationFilterChain.internalDoFilter(ApplicationFilterChain.java:162)
	at org.apache.catalina.core.ApplicationFilterChain.doFilter(ApplicationFilterChain.java:138)
	at org.springframework.web.filter.OncePerRequestFilter.doFilter(OncePerRequestFilter.java:110)
	at org.apache.catalina.core.ApplicationFilterChain.internalDoFilter(ApplicationFilterChain.java:162)
	at org.apache.catalina.core.ApplicationFilterChain.doFilter(ApplicationFilterChain.java:138)
	at org.springframework.web.filter.CompositeFilter$VirtualFilterChain.doFilter(CompositeFilter.java:108)
	at org.springframework.web.filter.CompositeFilter$VirtualFilterChain.doFilter(CompositeFilter.java:108)
	at org.springframework.security.web.FilterChainProxy.lambda$doFilterInternal$3(FilterChainProxy.java:231)
	at org.springframework.security.web.ObservationFilterChainDecorator$FilterObservation$SimpleFilterObservation.lambda$wrap$1(ObservationFilterChainDecorator.java:490)
	at org.springframework.security.web.ObservationFilterChainDecorator$AroundFilterObservation$SimpleAroundFilterObservation.lambda$wrap$1(ObservationFilterChainDecorator.java:351)
	at org.springframework.security.web.ObservationFilterChainDecorator.lambda$wrapSecured$0(ObservationFilterChainDecorator.java:83)
	at org.springframework.security.web.ObservationFilterChainDecorator$VirtualFilterChain.doFilter(ObservationFilterChainDecorator.java:129)
	at org.springframework.security.web.access.intercept.AuthorizationFilter.doFilter(AuthorizationFilter.java:101)
	at org.springframework.security.web.ObservationFilterChainDecorator$ObservationFilter.wrapFilter(ObservationFilterChainDecorator.java:241)
	at org.springframework.security.web.ObservationFilterChainDecorator$ObservationFilter.doFilter(ObservationFilterChainDecorator.java:228)
	at org.springframework.security.web.ObservationFilterChainDecorator$VirtualFilterChain.doFilter(ObservationFilterChainDecorator.java:138)
	at org.springframework.security.web.access.ExceptionTranslationFilter.doFilter(ExceptionTranslationFilter.java:125)
	at org.springframework.security.web.access.ExceptionTranslationFilter.doFilter(ExceptionTranslationFilter.java:119)
	at org.springframework.security.web.ObservationFilterChainDecorator$ObservationFilter.wrapFilter(ObservationFilterChainDecorator.java:241)
	at org.springframework.security.web.ObservationFilterChainDecorator$ObservationFilter.doFilter(ObservationFilterChainDecorator.java:228)
	at org.springframework.security.web.ObservationFilterChainDecorator$VirtualFilterChain.doFilter(ObservationFilterChainDecorator.java:138)
	at org.springframework.security.web.session.SessionManagementFilter.doFilter(SessionManagementFilter.java:131)
	at org.springframework.security.web.session.SessionManagementFilter.doFilter(SessionManagementFilter.java:85)
	at org.springframework.security.web.ObservationFilterChainDecorator$ObservationFilter.wrapFilter(ObservationFilterChainDecorator.java:241)
	at org.springframework.security.web.ObservationFilterChainDecorator$ObservationFilter.doFilter(ObservationFilterChainDecorator.java:228)
	at org.springframework.security.web.ObservationFilterChainDecorator$VirtualFilterChain.doFilter(ObservationFilterChainDecorator.java:138)
	at org.springframework.security.web.authentication.AnonymousAuthenticationFilter.doFilter(AnonymousAuthenticationFilter.java:100)
	at org.springframework.security.web.ObservationFilterChainDecorator$ObservationFilter.wrapFilter(ObservationFilterChainDecorator.java:241)
	at org.springframework.security.web.ObservationFilterChainDecorator$ObservationFilter.doFilter(ObservationFilterChainDecorator.java:228)
	at org.springframework.security.web.ObservationFilterChainDecorator$VirtualFilterChain.doFilter(ObservationFilterChainDecorator.java:138)
	at org.springframework.security.web.servletapi.SecurityContextHolderAwareRequestFilter.doFilter(SecurityContextHolderAwareRequestFilter.java:179)
	at org.springframework.security.web.ObservationFilterChainDecorator$ObservationFilter.wrapFilter(ObservationFilterChainDecorator.java:241)
	at org.springframework.security.web.ObservationFilterChainDecorator$ObservationFilter.doFilter(ObservationFilterChainDecorator.java:228)
	at org.springframework.security.web.ObservationFilterChainDecorator$VirtualFilterChain.doFilter(ObservationFilterChainDecorator.java:138)
	at org.springframework.security.web.savedrequest.RequestCacheAwareFilter.doFilter(RequestCacheAwareFilter.java:63)
	at org.springframework.security.web.ObservationFilterChainDecorator$ObservationFilter.wrapFilter(ObservationFilterChainDecorator.java:241)
	at org.springframework.security.web.ObservationFilterChainDecorator$ObservationFilter.doFilter(ObservationFilterChainDecorator.java:228)
	at org.springframework.security.web.ObservationFilterChainDecorator$VirtualFilterChain.doFilter(ObservationFilterChainDecorator.java:138)
	at com.Zygo.proyecto.security.JwtAuthenticationFilter.doFilterInternal(JwtAuthenticationFilter.java:53)
	at org.springframework.web.filter.OncePerRequestFilter.doFilter(OncePerRequestFilter.java:116)
	at org.springframework.security.web.ObservationFilterChainDecorator$ObservationFilter.wrapFilter(ObservationFilterChainDecorator.java:241)
	at org.springframework.security.web.ObservationFilterChainDecorator$ObservationFilter.doFilter(ObservationFilterChainDecorator.java:228)
	at org.springframework.security.web.ObservationFilterChainDecorator$VirtualFilterChain.doFilter(ObservationFilterChainDecorator.java:138)
	at org.springframework.security.web.authentication.logout.LogoutFilter.doFilter(LogoutFilter.java:107)
	at org.springframework.security.web.authentication.logout.LogoutFilter.doFilter(LogoutFilter.java:93)
	at org.springframework.security.web.ObservationFilterChainDecorator$ObservationFilter.wrapFilter(ObservationFilterChainDecorator.java:241)
	at org.springframework.security.web.ObservationFilterChainDecorator$ObservationFilter.doFilter(ObservationFilterChainDecorator.java:228)
	at org.springframework.security.web.ObservationFilterChainDecorator$VirtualFilterChain.doFilter(ObservationFilterChainDecorator.java:138)
	at org.springframework.web.filter.CorsFilter.doFilterInternal(CorsFilter.java:91)
	at org.springframework.web.filter.OncePerRequestFilter.doFilter(OncePerRequestFilter.java:116)
	at org.springframework.security.web.ObservationFilterChainDecorator$ObservationFilter.wrapFilter(ObservationFilterChainDecorator.java:241)
	at org.springframework.security.web.ObservationFilterChainDecorator$ObservationFilter.doFilter(ObservationFilterChainDecorator.java:228)
	at org.springframework.security.web.ObservationFilterChainDecorator$VirtualFilterChain.doFilter(ObservationFilterChainDecorator.java:138)
	at org.springframework.security.web.header.HeaderWriterFilter.doHeadersAfter(HeaderWriterFilter.java:90)
	at org.springframework.security.web.header.HeaderWriterFilter.doFilterInternal(HeaderWriterFilter.java:75)
	at org.springframework.web.filter.OncePerRequestFilter.doFilter(OncePerRequestFilter.java:116)
	at org.springframework.security.web.ObservationFilterChainDecorator$ObservationFilter.wrapFilter(ObservationFilterChainDecorator.java:241)
	at org.springframework.security.web.ObservationFilterChainDecorator$ObservationFilter.doFilter(ObservationFilterChainDecorator.java:228)
	at org.springframework.security.web.ObservationFilterChainDecorator$VirtualFilterChain.doFilter(ObservationFilterChainDecorator.java:138)
	at org.springframework.security.web.context.SecurityContextHolderFilter.doFilter(SecurityContextHolderFilter.java:82)
	at org.springframework.security.web.context.SecurityContextHolderFilter.doFilter(SecurityContextHolderFilter.java:69)
	at org.springframework.security.web.ObservationFilterChainDecorator$ObservationFilter.wrapFilter(ObservationFilterChainDecorator.java:241)
	at org.springframework.security.web.ObservationFilterChainDecorator$ObservationFilter.doFilter(ObservationFilterChainDecorator.java:228)
	at org.springframework.security.web.ObservationFilterChainDecorator$VirtualFilterChain.doFilter(ObservationFilterChainDecorator.java:138)
	at org.springframework.security.web.context.request.async.WebAsyncManagerIntegrationFilter.doFilterInternal(WebAsyncManagerIntegrationFilter.java:62)
	at org.springframework.web.filter.OncePerRequestFilter.doFilter(OncePerRequestFilter.java:116)
	at org.springframework.security.web.ObservationFilterChainDecorator$ObservationFilter.wrapFilter(ObservationFilterChainDecorator.java:241)
	at org.springframework.security.web.ObservationFilterChainDecorator$ObservationFilter.doFilter(ObservationFilterChainDecorator.java:228)
	at org.springframework.security.web.ObservationFilterChainDecorator$VirtualFilterChain.doFilter(ObservationFilterChainDecorator.java:138)
	at org.springframework.security.web.session.DisableEncodeUrlFilter.doFilterInternal(DisableEncodeUrlFilter.java:42)
	at org.springframework.web.filter.OncePerRequestFilter.doFilter(OncePerRequestFilter.java:116)
	at org.springframework.security.web.ObservationFilterChainDecorator$ObservationFilter.wrapFilter(ObservationFilterChainDecorator.java:241)
	at org.springframework.security.web.ObservationFilterChainDecorator$AroundFilterObservation$SimpleAroundFilterObservation.lambda$wrap$0(ObservationFilterChainDecorator.java:334)
	at org.springframework.security.web.ObservationFilterChainDecorator$ObservationFilter.doFilter(ObservationFilterChainDecorator.java:225)
	at org.springframework.security.web.ObservationFilterChainDecorator$VirtualFilterChain.doFilter(ObservationFilterChainDecorator.java:138)
	at org.springframework.security.web.FilterChainProxy.doFilterInternal(FilterChainProxy.java:233)
	at org.springframework.security.web.FilterChainProxy.doFilter(FilterChainProxy.java:191)
	at org.springframework.web.filter.CompositeFilter$VirtualFilterChain.doFilter(CompositeFilter.java:113)
	at org.springframework.web.filter.ServletRequestPathFilter.doFilter(ServletRequestPathFilter.java:52)
	at org.springframework.web.filter.CompositeFilter$VirtualFilterChain.doFilter(CompositeFilter.java:113)
	at org.springframework.web.filter.CompositeFilter.doFilter(CompositeFilter.java:74)
	at org.springframework.security.config.annotation.web.configuration.WebSecurityConfiguration$CompositeFilterChainProxy.doFilter(WebSecurityConfiguration.java:319)
	at org.springframework.web.filter.CompositeFilter$VirtualFilterChain.doFilter(CompositeFilter.java:113)
	at org.springframework.web.servlet.handler.HandlerMappingIntrospector.lambda$createCacheFilter$4(HandlerMappingIntrospector.java:267)
	at org.springframework.web.filter.CompositeFilter$VirtualFilterChain.doFilter(CompositeFilter.java:113)
	at org.springframework.web.filter.CompositeFilter.doFilter(CompositeFilter.java:74)
	at org.springframework.security.config.annotation.web.configuration.WebMvcSecurityConfiguration$CompositeFilterChainProxy.doFilter(WebMvcSecurityConfiguration.java:240)
	at org.springframework.web.filter.DelegatingFilterProxy.invokeDelegate(DelegatingFilterProxy.java:362)
	at org.springframework.web.filter.DelegatingFilterProxy.doFilter(DelegatingFilterProxy.java:278)
	at org.apache.catalina.core.ApplicationFilterChain.internalDoFilter(ApplicationFilterChain.java:162)
	at org.apache.catalina.core.ApplicationFilterChain.doFilter(ApplicationFilterChain.java:138)
	at org.springframework.web.filter.RequestContextFilter.doFilterInternal(RequestContextFilter.java:100)
	at org.springframework.web.filter.OncePerRequestFilter.doFilter(OncePerRequestFilter.java:116)
	at org.apache.catalina.core.ApplicationFilterChain.internalDoFilter(ApplicationFilterChain.java:162)
	at org.apache.catalina.core.ApplicationFilterChain.doFilter(ApplicationFilterChain.java:138)
	at org.springframework.web.filter.FormContentFilter.doFilterInternal(FormContentFilter.java:93)
	at org.springframework.web.filter.OncePerRequestFilter.doFilter(OncePerRequestFilter.java:116)
	at org.apache.catalina.core.ApplicationFilterChain.internalDoFilter(ApplicationFilterChain.java:162)
	at org.apache.catalina.core.ApplicationFilterChain.doFilter(ApplicationFilterChain.java:138)
	at org.springframework.web.filter.ServerHttpObservationFilter.doFilterInternal(ServerHttpObservationFilter.java:110)
	at org.springframework.web.filter.OncePerRequestFilter.doFilter(OncePerRequestFilter.java:116)
	at org.apache.catalina.core.ApplicationFilterChain.internalDoFilter(ApplicationFilterChain.java:162)
	at org.apache.catalina.core.ApplicationFilterChain.doFilter(ApplicationFilterChain.java:138)
	at org.springframework.web.filter.CharacterEncodingFilter.doFilterInternal(CharacterEncodingFilter.java:201)
	at org.springframework.web.filter.OncePerRequestFilter.doFilter(OncePerRequestFilter.java:116)
	at org.apache.catalina.core.ApplicationFilterChain.internalDoFilter(ApplicationFilterChain.java:162)
	at org.apache.catalina.core.ApplicationFilterChain.doFilter(ApplicationFilterChain.java:138)
	at org.apache.catalina.core.StandardWrapperValve.invoke(StandardWrapperValve.java:165)
	at org.apache.catalina.core.StandardContextValve.invoke(StandardContextValve.java:88)
	at org.apache.catalina.authenticator.AuthenticatorBase.invoke(AuthenticatorBase.java:482)
	at org.apache.catalina.core.StandardHostValve.invoke(StandardHostValve.java:113)
	at org.apache.catalina.valves.ErrorReportValve.invoke(ErrorReportValve.java:83)
	at org.apache.catalina.core.StandardEngineValve.invoke(StandardEngineValve.java:72)
	at org.apache.catalina.connector.CoyoteAdapter.service(CoyoteAdapter.java:342)
	at org.apache.coyote.http11.Http11Processor.service(Http11Processor.java:399)
	at org.apache.coyote.AbstractProcessorLight.process(AbstractProcessorLight.java:63)
	at org.apache.coyote.AbstractProtocol$ConnectionHandler.process(AbstractProtocol.java:903)
	at org.apache.tomcat.util.net.NioEndpoint$SocketProcessor.doRun(NioEndpoint.java:1774)
	at org.apache.tomcat.util.net.SocketProcessorBase.run(SocketProcessorBase.java:52)
	at org.apache.tomcat.util.threads.ThreadPoolExecutor.runWorker(ThreadPoolExecutor.java:973)
	at org.apache.tomcat.util.threads.ThreadPoolExecutor$Worker.run(ThreadPoolExecutor.java:491)
	at org.apache.tomcat.util.threads.TaskThread$WrappingRunnable.run(TaskThread.java:63)
	at java.base/java.lang.Thread.run(Thread.java:1583)
2025-11-18 22:40:59 [http-nio-8080-exec-1] INFO  c.Z.p.controller.RutaController - 🚀 POST /api/rutas/optima
2025-11-18 22:40:59 [http-nio-8080-exec-1] INFO  c.Z.p.controller.RutaController - 📍 Origen: (5.702444463221909, -72.93891906738283)
2025-11-18 22:40:59 [http-nio-8080-exec-1] INFO  c.Z.p.controller.RutaController - 🎯 Destino: (5.702081487858424, -72.93341517448427)
2025-11-18 22:40:59 [http-nio-8080-exec-1] INFO  c.Zygo.proyecto.service.LugarService - Buscando nodo más cercano a 5.702444463221909, -72.93891906738283
2025-11-18 22:40:59 [http-nio-8080-exec-1] INFO  c.Zygo.proyecto.service.LugarService - Buscando nodo más cercano a 5.702081487858424, -72.93341517448427
2025-11-18 22:40:59 [http-nio-8080-exec-1] INFO  c.Z.p.controller.RutaController - ✅ Nodos: Nodo_5.702461_-72.938936 → Nodo_5.702123_-72.933524
2025-11-18 22:40:59 [http-nio-8080-exec-1] INFO  c.Z.p.s.DijkstraServiceOptimizado - 🔍 Calculando ruta óptima: 36983 → 31924 (tráfico: true)
2025-11-18 22:40:59 [http-nio-8080-exec-1] INFO  c.Z.p.s.DijkstraServiceOptimizado - 📊 Nodos relevantes cargados: 6945 (vs 6945 totales)
2025-11-18 22:41:00 [http-nio-8080-exec-1] DEBUG c.Z.p.s.DijkstraServiceOptimizado - 🎯 Destino alcanzado. Visitados: 456/6945
2025-11-18 22:41:00 [http-nio-8080-exec-1] INFO  c.Z.p.s.DijkstraServiceOptimizado - ✅ Ruta calculada en 816ms - Distancia: {:.2f}km, Nodos: 1.0066373893897145
2025-11-18 22:41:00 [http-nio-8080-exec-1] INFO  c.Z.p.controller.RutaController - ✅ Ruta calculada en 879ms - 1.0066373893897145km, 26min
2025-11-18 22:41:06 [http-nio-8080-exec-3] INFO  c.Z.p.controller.RutaController - 🚀 POST /api/rutas/optima
2025-11-18 22:41:06 [http-nio-8080-exec-3] INFO  c.Z.p.controller.RutaController - 📍 Origen: (5.704071234120749, -72.94234057255525)
2025-11-18 22:41:06 [http-nio-8080-exec-3] INFO  c.Z.p.controller.RutaController - 🎯 Destino: (5.713547279254539, -72.93622047446813)
2025-11-18 22:41:06 [http-nio-8080-exec-3] INFO  c.Zygo.proyecto.service.LugarService - Buscando nodo más cercano a 5.704071234120749, -72.94234057255525
2025-11-18 22:41:06 [http-nio-8080-exec-3] INFO  c.Zygo.proyecto.service.LugarService - Buscando nodo más cercano a 5.713547279254539, -72.93622047446813
2025-11-18 22:41:06 [http-nio-8080-exec-3] INFO  c.Z.p.controller.RutaController - ✅ Nodos: Nodo_5.703990_-72.942351 → Nodo_5.713542_-72.936214
2025-11-18 22:41:06 [http-nio-8080-exec-3] INFO  c.Z.p.s.DijkstraServiceOptimizado - 🔍 Calculando ruta óptima: 34511 → 37121 (tráfico: true)
2025-11-18 22:41:06 [http-nio-8080-exec-3] INFO  c.Z.p.s.DijkstraServiceOptimizado - 📊 Nodos relevantes cargados: 6945 (vs 6945 totales)
2025-11-18 22:41:07 [http-nio-8080-exec-3] DEBUG c.Z.p.s.DijkstraServiceOptimizado - 🎯 Destino alcanzado. Visitados: 1020/6945
2025-11-18 22:41:07 [http-nio-8080-exec-3] INFO  c.Z.p.s.DijkstraServiceOptimizado - ✅ Ruta calculada en 746ms - Distancia: {:.2f}km, Nodos: 1.6077590369573325
2025-11-18 22:41:07 [http-nio-8080-exec-3] INFO  c.Z.p.controller.RutaController - ✅ Ruta calculada en 814ms - 1.6077590369573325km, 38min
2025-11-18 22:41:10 [http-nio-8080-exec-4] INFO  c.Z.p.controller.RutaController - 🚀 POST /api/rutas/optima
2025-11-18 22:41:10 [http-nio-8080-exec-4] INFO  c.Z.p.controller.RutaController - 📍 Origen: (5.72096759656371, -72.93201434098212)
2025-11-18 22:41:10 [http-nio-8080-exec-4] INFO  c.Z.p.controller.RutaController - 🎯 Destino: (5.715928786724938, -72.93398118214877)
2025-11-18 22:41:10 [http-nio-8080-exec-4] INFO  c.Zygo.proyecto.service.LugarService - Buscando nodo más cercano a 5.72096759656371, -72.93201434098212
2025-11-18 22:41:10 [http-nio-8080-exec-4] INFO  c.Zygo.proyecto.service.LugarService - Buscando nodo más cercano a 5.715928786724938, -72.93398118214877
2025-11-18 22:41:10 [http-nio-8080-exec-4] INFO  c.Z.p.controller.RutaController - ✅ Nodos: Nodo_5.721221_-72.932057 → Comidas Rápidas Central
2025-11-18 22:41:10 [http-nio-8080-exec-4] INFO  c.Z.p.s.DijkstraServiceOptimizado - 🔍 Calculando ruta óptima: 38468 → 38755 (tráfico: true)
2025-11-18 22:41:10 [http-nio-8080-exec-4] INFO  c.Z.p.s.DijkstraServiceOptimizado - 📊 Nodos relevantes cargados: 6945 (vs 6945 totales)
2025-11-18 22:41:10 [http-nio-8080-exec-4] ERROR c.Z.p.controller.RutaController - ❌ Error: No existe camino entre los nodos especificados
java.lang.RuntimeException: No existe camino entre los nodos especificados
	at com.Zygo.proyecto.service.DijkstraServiceOptimizado.encontrarRutaOptima(DijkstraServiceOptimizado.java:78)
	at java.base/jdk.internal.reflect.DirectMethodHandleAccessor.invoke(DirectMethodHandleAccessor.java:103)
	at java.base/java.lang.reflect.Method.invoke(Method.java:580)
	at org.springframework.aop.support.AopUtils.invokeJoinpointUsingReflection(AopUtils.java:360)
	at org.springframework.aop.framework.ReflectiveMethodInvocation.invokeJoinpoint(ReflectiveMethodInvocation.java:196)
	at org.springframework.aop.framework.ReflectiveMethodInvocation.proceed(ReflectiveMethodInvocation.java:163)
	at org.springframework.transaction.interceptor.TransactionAspectSupport.invokeWithinTransaction(TransactionAspectSupport.java:380)
	at org.springframework.transaction.interceptor.TransactionInterceptor.invoke(TransactionInterceptor.java:119)
	at org.springframework.aop.framework.ReflectiveMethodInvocation.proceed(ReflectiveMethodInvocation.java:184)
	at org.springframework.cache.interceptor.CacheInterceptor.lambda$invoke$0(CacheInterceptor.java:55)
	at org.springframework.cache.interceptor.CacheAspectSupport.invokeOperation(CacheAspectSupport.java:431)
	at org.springframework.cache.interceptor.CacheAspectSupport.evaluate(CacheAspectSupport.java:601)
	at org.springframework.cache.interceptor.CacheAspectSupport.execute(CacheAspectSupport.java:448)
	at org.springframework.cache.interceptor.CacheAspectSupport.execute(CacheAspectSupport.java:410)
	at org.springframework.cache.interceptor.CacheInterceptor.invoke(CacheInterceptor.java:65)
	at org.springframework.aop.framework.ReflectiveMethodInvocation.proceed(ReflectiveMethodInvocation.java:184)
	at org.springframework.aop.framework.CglibAopProxy$DynamicAdvisedInterceptor.intercept(CglibAopProxy.java:728)
	at com.Zygo.proyecto.service.DijkstraServiceOptimizado$$SpringCGLIB$$0.encontrarRutaOptima(<generated>)
	at com.Zygo.proyecto.controller.RutaController.calcularRutaPorCoordenadas(RutaController.java:64)
	at java.base/jdk.internal.reflect.DirectMethodHandleAccessor.invoke(DirectMethodHandleAccessor.java:103)
	at java.base/java.lang.reflect.Method.invoke(Method.java:580)
	at org.springframework.web.method.support.InvocableHandlerMethod.doInvoke(InvocableHandlerMethod.java:258)
	at org.springframework.web.method.support.InvocableHandlerMethod.invokeForRequest(InvocableHandlerMethod.java:191)
	at org.springframework.web.servlet.mvc.method.annotation.ServletInvocableHandlerMethod.invokeAndHandle(ServletInvocableHandlerMethod.java:118)
	at org.springframework.web.servlet.mvc.method.annotation.RequestMappingHandlerAdapter.invokeHandlerMethod(RequestMappingHandlerAdapter.java:991)
	at org.springframework.web.servlet.mvc.method.annotation.RequestMappingHandlerAdapter.handleInternal(RequestMappingHandlerAdapter.java:896)
	at org.springframework.web.servlet.mvc.method.AbstractHandlerMethodAdapter.handle(AbstractHandlerMethodAdapter.java:87)
	at org.springframework.web.servlet.DispatcherServlet.doDispatch(DispatcherServlet.java:1089)
	at org.springframework.web.servlet.DispatcherServlet.doService(DispatcherServlet.java:979)
	at org.springframework.web.servlet.FrameworkServlet.processRequest(FrameworkServlet.java:1014)
	at org.springframework.web.servlet.FrameworkServlet.doPost(FrameworkServlet.java:914)
	at jakarta.servlet.http.HttpServlet.service(HttpServlet.java:590)
	at org.springframework.web.servlet.FrameworkServlet.service(FrameworkServlet.java:885)
	at jakarta.servlet.http.HttpServlet.service(HttpServlet.java:658)
	at org.apache.catalina.core.ApplicationFilterChain.internalDoFilter(ApplicationFilterChain.java:193)
	at org.apache.catalina.core.ApplicationFilterChain.doFilter(ApplicationFilterChain.java:138)
	at org.apache.tomcat.websocket.server.WsFilter.doFilter(WsFilter.java:51)
	at org.apache.catalina.core.ApplicationFilterChain.internalDoFilter(ApplicationFilterChain.java:162)
	at org.apache.catalina.core.ApplicationFilterChain.doFilter(ApplicationFilterChain.java:138)
	at org.springframework.web.filter.OncePerRequestFilter.doFilter(OncePerRequestFilter.java:110)
	at org.apache.catalina.core.ApplicationFilterChain.internalDoFilter(ApplicationFilterChain.java:162)
	at org.apache.catalina.core.ApplicationFilterChain.doFilter(ApplicationFilterChain.java:138)
	at org.springframework.web.filter.CompositeFilter$VirtualFilterChain.doFilter(CompositeFilter.java:108)
	at org.springframework.web.filter.CompositeFilter$VirtualFilterChain.doFilter(CompositeFilter.java:108)
	at org.springframework.security.web.FilterChainProxy.lambda$doFilterInternal$3(FilterChainProxy.java:231)
	at org.springframework.security.web.ObservationFilterChainDecorator$FilterObservation$SimpleFilterObservation.lambda$wrap$1(ObservationFilterChainDecorator.java:490)
	at org.springframework.security.web.ObservationFilterChainDecorator$AroundFilterObservation$SimpleAroundFilterObservation.lambda$wrap$1(ObservationFilterChainDecorator.java:351)
	at org.springframework.security.web.ObservationFilterChainDecorator.lambda$wrapSecured$0(ObservationFilterChainDecorator.java:83)
	at org.springframework.security.web.ObservationFilterChainDecorator$VirtualFilterChain.doFilter(ObservationFilterChainDecorator.java:129)
	at org.springframework.security.web.access.intercept.AuthorizationFilter.doFilter(AuthorizationFilter.java:101)
	at org.springframework.security.web.ObservationFilterChainDecorator$ObservationFilter.wrapFilter(ObservationFilterChainDecorator.java:241)
	at org.springframework.security.web.ObservationFilterChainDecorator$ObservationFilter.doFilter(ObservationFilterChainDecorator.java:228)
	at org.springframework.security.web.ObservationFilterChainDecorator$VirtualFilterChain.doFilter(ObservationFilterChainDecorator.java:138)
	at org.springframework.security.web.access.ExceptionTranslationFilter.doFilter(ExceptionTranslationFilter.java:125)
	at org.springframework.security.web.access.ExceptionTranslationFilter.doFilter(ExceptionTranslationFilter.java:119)
	at org.springframework.security.web.ObservationFilterChainDecorator$ObservationFilter.wrapFilter(ObservationFilterChainDecorator.java:241)
	at org.springframework.security.web.ObservationFilterChainDecorator$ObservationFilter.doFilter(ObservationFilterChainDecorator.java:228)
	at org.springframework.security.web.ObservationFilterChainDecorator$VirtualFilterChain.doFilter(ObservationFilterChainDecorator.java:138)
	at org.springframework.security.web.session.SessionManagementFilter.doFilter(SessionManagementFilter.java:131)
	at org.springframework.security.web.session.SessionManagementFilter.doFilter(SessionManagementFilter.java:85)
	at org.springframework.security.web.ObservationFilterChainDecorator$ObservationFilter.wrapFilter(ObservationFilterChainDecorator.java:241)
	at org.springframework.security.web.ObservationFilterChainDecorator$ObservationFilter.doFilter(ObservationFilterChainDecorator.java:228)
	at org.springframework.security.web.ObservationFilterChainDecorator$VirtualFilterChain.doFilter(ObservationFilterChainDecorator.java:138)
	at org.springframework.security.web.authentication.AnonymousAuthenticationFilter.doFilter(AnonymousAuthenticationFilter.java:100)
	at org.springframework.security.web.ObservationFilterChainDecorator$ObservationFilter.wrapFilter(ObservationFilterChainDecorator.java:241)
	at org.springframework.security.web.ObservationFilterChainDecorator$ObservationFilter.doFilter(ObservationFilterChainDecorator.java:228)
	at org.springframework.security.web.ObservationFilterChainDecorator$VirtualFilterChain.doFilter(ObservationFilterChainDecorator.java:138)
	at org.springframework.security.web.servletapi.SecurityContextHolderAwareRequestFilter.doFilter(SecurityContextHolderAwareRequestFilter.java:179)
	at org.springframework.security.web.ObservationFilterChainDecorator$ObservationFilter.wrapFilter(ObservationFilterChainDecorator.java:241)
	at org.springframework.security.web.ObservationFilterChainDecorator$ObservationFilter.doFilter(ObservationFilterChainDecorator.java:228)
	at org.springframework.security.web.ObservationFilterChainDecorator$VirtualFilterChain.doFilter(ObservationFilterChainDecorator.java:138)
	at org.springframework.security.web.savedrequest.RequestCacheAwareFilter.doFilter(RequestCacheAwareFilter.java:63)
	at org.springframework.security.web.ObservationFilterChainDecorator$ObservationFilter.wrapFilter(ObservationFilterChainDecorator.java:241)
	at org.springframework.security.web.ObservationFilterChainDecorator$ObservationFilter.doFilter(ObservationFilterChainDecorator.java:228)
	at org.springframework.security.web.ObservationFilterChainDecorator$VirtualFilterChain.doFilter(ObservationFilterChainDecorator.java:138)
	at com.Zygo.proyecto.security.JwtAuthenticationFilter.doFilterInternal(JwtAuthenticationFilter.java:53)
	at org.springframework.web.filter.OncePerRequestFilter.doFilter(OncePerRequestFilter.java:116)
	at org.springframework.security.web.ObservationFilterChainDecorator$ObservationFilter.wrapFilter(ObservationFilterChainDecorator.java:241)
	at org.springframework.security.web.ObservationFilterChainDecorator$ObservationFilter.doFilter(ObservationFilterChainDecorator.java:228)
	at org.springframework.security.web.ObservationFilterChainDecorator$VirtualFilterChain.doFilter(ObservationFilterChainDecorator.java:138)
	at org.springframework.security.web.authentication.logout.LogoutFilter.doFilter(LogoutFilter.java:107)
	at org.springframework.security.web.authentication.logout.LogoutFilter.doFilter(LogoutFilter.java:93)
	at org.springframework.security.web.ObservationFilterChainDecorator$ObservationFilter.wrapFilter(ObservationFilterChainDecorator.java:241)
	at org.springframework.security.web.ObservationFilterChainDecorator$ObservationFilter.doFilter(ObservationFilterChainDecorator.java:228)
	at org.springframework.security.web.ObservationFilterChainDecorator$VirtualFilterChain.doFilter(ObservationFilterChainDecorator.java:138)
	at org.springframework.web.filter.CorsFilter.doFilterInternal(CorsFilter.java:91)
	at org.springframework.web.filter.OncePerRequestFilter.doFilter(OncePerRequestFilter.java:116)
	at org.springframework.security.web.ObservationFilterChainDecorator$ObservationFilter.wrapFilter(ObservationFilterChainDecorator.java:241)
	at org.springframework.security.web.ObservationFilterChainDecorator$ObservationFilter.doFilter(ObservationFilterChainDecorator.java:228)
	at org.springframework.security.web.ObservationFilterChainDecorator$VirtualFilterChain.doFilter(ObservationFilterChainDecorator.java:138)
	at org.springframework.security.web.header.HeaderWriterFilter.doHeadersAfter(HeaderWriterFilter.java:90)
	at org.springframework.security.web.header.HeaderWriterFilter.doFilterInternal(HeaderWriterFilter.java:75)
	at org.springframework.web.filter.OncePerRequestFilter.doFilter(OncePerRequestFilter.java:116)
	at org.springframework.security.web.ObservationFilterChainDecorator$ObservationFilter.wrapFilter(ObservationFilterChainDecorator.java:241)
	at org.springframework.security.web.ObservationFilterChainDecorator$ObservationFilter.doFilter(ObservationFilterChainDecorator.java:228)
	at org.springframework.security.web.ObservationFilterChainDecorator$VirtualFilterChain.doFilter(ObservationFilterChainDecorator.java:138)
	at org.springframework.security.web.context.SecurityContextHolderFilter.doFilter(SecurityContextHolderFilter.java:82)
	at org.springframework.security.web.context.SecurityContextHolderFilter.doFilter(SecurityContextHolderFilter.java:69)
	at org.springframework.security.web.ObservationFilterChainDecorator$ObservationFilter.wrapFilter(ObservationFilterChainDecorator.java:241)
	at org.springframework.security.web.ObservationFilterChainDecorator$ObservationFilter.doFilter(ObservationFilterChainDecorator.java:228)
	at org.springframework.security.web.ObservationFilterChainDecorator$VirtualFilterChain.doFilter(ObservationFilterChainDecorator.java:138)
	at org.springframework.security.web.context.request.async.WebAsyncManagerIntegrationFilter.doFilterInternal(WebAsyncManagerIntegrationFilter.java:62)
	at org.springframework.web.filter.OncePerRequestFilter.doFilter(OncePerRequestFilter.java:116)
	at org.springframework.security.web.ObservationFilterChainDecorator$ObservationFilter.wrapFilter(ObservationFilterChainDecorator.java:241)
	at org.springframework.security.web.ObservationFilterChainDecorator$ObservationFilter.doFilter(ObservationFilterChainDecorator.java:228)
	at org.springframework.security.web.ObservationFilterChainDecorator$VirtualFilterChain.doFilter(ObservationFilterChainDecorator.java:138)
	at org.springframework.security.web.session.DisableEncodeUrlFilter.doFilterInternal(DisableEncodeUrlFilter.java:42)
	at org.springframework.web.filter.OncePerRequestFilter.doFilter(OncePerRequestFilter.java:116)
	at org.springframework.security.web.ObservationFilterChainDecorator$ObservationFilter.wrapFilter(ObservationFilterChainDecorator.java:241)
	at org.springframework.security.web.ObservationFilterChainDecorator$AroundFilterObservation$SimpleAroundFilterObservation.lambda$wrap$0(ObservationFilterChainDecorator.java:334)
	at org.springframework.security.web.ObservationFilterChainDecorator$ObservationFilter.doFilter(ObservationFilterChainDecorator.java:225)
	at org.springframework.security.web.ObservationFilterChainDecorator$VirtualFilterChain.doFilter(ObservationFilterChainDecorator.java:138)
	at org.springframework.security.web.FilterChainProxy.doFilterInternal(FilterChainProxy.java:233)
	at org.springframework.security.web.FilterChainProxy.doFilter(FilterChainProxy.java:191)
	at org.springframework.web.filter.CompositeFilter$VirtualFilterChain.doFilter(CompositeFilter.java:113)
	at org.springframework.web.filter.ServletRequestPathFilter.doFilter(ServletRequestPathFilter.java:52)
	at org.springframework.web.filter.CompositeFilter$VirtualFilterChain.doFilter(CompositeFilter.java:113)
	at org.springframework.web.filter.CompositeFilter.doFilter(CompositeFilter.java:74)
	at org.springframework.security.config.annotation.web.configuration.WebSecurityConfiguration$CompositeFilterChainProxy.doFilter(WebSecurityConfiguration.java:319)
	at org.springframework.web.filter.CompositeFilter$VirtualFilterChain.doFilter(CompositeFilter.java:113)
	at org.springframework.web.servlet.handler.HandlerMappingIntrospector.lambda$createCacheFilter$4(HandlerMappingIntrospector.java:267)
	at org.springframework.web.filter.CompositeFilter$VirtualFilterChain.doFilter(CompositeFilter.java:113)
	at org.springframework.web.filter.CompositeFilter.doFilter(CompositeFilter.java:74)
	at org.springframework.security.config.annotation.web.configuration.WebMvcSecurityConfiguration$CompositeFilterChainProxy.doFilter(WebMvcSecurityConfiguration.java:240)
	at org.springframework.web.filter.DelegatingFilterProxy.invokeDelegate(DelegatingFilterProxy.java:362)
	at org.springframework.web.filter.DelegatingFilterProxy.doFilter(DelegatingFilterProxy.java:278)
	at org.apache.catalina.core.ApplicationFilterChain.internalDoFilter(ApplicationFilterChain.java:162)
	at org.apache.catalina.core.ApplicationFilterChain.doFilter(ApplicationFilterChain.java:138)
	at org.springframework.web.filter.RequestContextFilter.doFilterInternal(RequestContextFilter.java:100)
	at org.springframework.web.filter.OncePerRequestFilter.doFilter(OncePerRequestFilter.java:116)
	at org.apache.catalina.core.ApplicationFilterChain.internalDoFilter(ApplicationFilterChain.java:162)
	at org.apache.catalina.core.ApplicationFilterChain.doFilter(ApplicationFilterChain.java:138)
	at org.springframework.web.filter.FormContentFilter.doFilterInternal(FormContentFilter.java:93)
	at org.springframework.web.filter.OncePerRequestFilter.doFilter(OncePerRequestFilter.java:116)
	at org.apache.catalina.core.ApplicationFilterChain.internalDoFilter(ApplicationFilterChain.java:162)
	at org.apache.catalina.core.ApplicationFilterChain.doFilter(ApplicationFilterChain.java:138)
	at org.springframework.web.filter.ServerHttpObservationFilter.doFilterInternal(ServerHttpObservationFilter.java:110)
	at org.springframework.web.filter.OncePerRequestFilter.doFilter(OncePerRequestFilter.java:116)
	at org.apache.catalina.core.ApplicationFilterChain.internalDoFilter(ApplicationFilterChain.java:162)
	at org.apache.catalina.core.ApplicationFilterChain.doFilter(ApplicationFilterChain.java:138)
	at org.springframework.web.filter.CharacterEncodingFilter.doFilterInternal(CharacterEncodingFilter.java:201)
	at org.springframework.web.filter.OncePerRequestFilter.doFilter(OncePerRequestFilter.java:116)
	at org.apache.catalina.core.ApplicationFilterChain.internalDoFilter(ApplicationFilterChain.java:162)
	at org.apache.catalina.core.ApplicationFilterChain.doFilter(ApplicationFilterChain.java:138)
	at org.apache.catalina.core.StandardWrapperValve.invoke(StandardWrapperValve.java:165)
	at org.apache.catalina.core.StandardContextValve.invoke(StandardContextValve.java:88)
	at org.apache.catalina.authenticator.AuthenticatorBase.invoke(AuthenticatorBase.java:482)
	at org.apache.catalina.core.StandardHostValve.invoke(StandardHostValve.java:113)
	at org.apache.catalina.valves.ErrorReportValve.invoke(ErrorReportValve.java:83)
	at org.apache.catalina.core.StandardEngineValve.invoke(StandardEngineValve.java:72)
	at org.apache.catalina.connector.CoyoteAdapter.service(CoyoteAdapter.java:342)
	at org.apache.coyote.http11.Http11Processor.service(Http11Processor.java:399)
	at org.apache.coyote.AbstractProcessorLight.process(AbstractProcessorLight.java:63)
	at org.apache.coyote.AbstractProtocol$ConnectionHandler.process(AbstractProtocol.java:903)
	at org.apache.tomcat.util.net.NioEndpoint$SocketProcessor.doRun(NioEndpoint.java:1774)
	at org.apache.tomcat.util.net.SocketProcessorBase.run(SocketProcessorBase.java:52)
	at org.apache.tomcat.util.threads.ThreadPoolExecutor.runWorker(ThreadPoolExecutor.java:973)
	at org.apache.tomcat.util.threads.ThreadPoolExecutor$Worker.run(ThreadPoolExecutor.java:491)
	at org.apache.tomcat.util.threads.TaskThread$WrappingRunnable.run(TaskThread.java:63)
	at java.base/java.lang.Thread.run(Thread.java:1583)
2025-11-18 22:41:13 [http-nio-8080-exec-6] INFO  c.Z.p.controller.RutaController - 🚀 POST /api/rutas/optima
2025-11-18 22:41:13 [http-nio-8080-exec-6] INFO  c.Z.p.controller.RutaController - 📍 Origen: (5.702444463221909, -72.93891906738283)
2025-11-18 22:41:13 [http-nio-8080-exec-6] INFO  c.Z.p.controller.RutaController - 🎯 Destino: (5.702081487858424, -72.93341517448427)
2025-11-18 22:41:13 [http-nio-8080-exec-6] INFO  c.Zygo.proyecto.service.LugarService - Buscando nodo más cercano a 5.702444463221909, -72.93891906738283
2025-11-18 22:41:13 [http-nio-8080-exec-6] INFO  c.Zygo.proyecto.service.LugarService - Buscando nodo más cercano a 5.702081487858424, -72.93341517448427
2025-11-18 22:41:13 [http-nio-8080-exec-6] INFO  c.Z.p.controller.RutaController - ✅ Nodos: Nodo_5.702461_-72.938936 → Nodo_5.702123_-72.933524
2025-11-18 22:41:13 [http-nio-8080-exec-6] INFO  c.Z.p.controller.RutaController - ✅ Ruta calculada en 52ms - 1.0066373893897145km, 26min
2025-11-18 22:56:15 [SpringApplicationShutdownHook] INFO  o.s.b.w.e.tomcat.GracefulShutdown - Commencing graceful shutdown. Waiting for active requests to complete
2025-11-18 22:56:15 [tomcat-shutdown] INFO  o.s.b.w.e.tomcat.GracefulShutdown - Graceful shutdown complete
2025-11-18 22:56:15 [SpringApplicationShutdownHook] INFO  o.s.o.j.LocalContainerEntityManagerFactoryBean - Closing JPA EntityManagerFactory for persistence unit 'default'
2025-11-18 22:56:15 [SpringApplicationShutdownHook] INFO  com.zaxxer.hikari.HikariDataSource - HikariPool-1 - Shutdown initiated...
2025-11-18 22:56:15 [SpringApplicationShutdownHook] INFO  com.zaxxer.hikari.HikariDataSource - HikariPool-1 - Shutdown completed.
2025-11-18 22:56:37 [main] INFO  c.Z.p.ProyectoApplicationTests - Starting ProyectoApplicationTests using Java 21.0.6 with PID 71948 (started by David in C:\Progra3clase\PROGRAFINAL\ProyectoProgra3\proyecto)
2025-11-18 22:56:37 [main] INFO  c.Z.p.ProyectoApplicationTests - No active profile set, falling back to 1 default profile: "default"
2025-11-18 22:56:38 [main] WARN  o.s.w.c.s.GenericWebApplicationContext - Exception encountered during context initialization - cancelling refresh attempt: org.springframework.beans.factory.support.BeanDefinitionOverrideException: Invalid bean definition with name 'taskExecutor' defined in com.Zygo.proyecto.ProyectoApplication: Cannot register bean definition [Root bean: class=null; scope=; abstract=false; lazyInit=null; autowireMode=3; dependencyCheck=0; autowireCandidate=true; primary=false; fallback=false; factoryBeanName=proyectoApplication; factoryMethodName=taskExecutor; initMethodNames=null; destroyMethodNames=[(inferred)]; defined in com.Zygo.proyecto.ProyectoApplication] for bean 'taskExecutor' since there is already [Root bean: class=null; scope=; abstract=false; lazyInit=null; autowireMode=3; dependencyCheck=0; autowireCandidate=true; primary=false; fallback=false; factoryBeanName=asyncConfig; factoryMethodName=taskExecutor; initMethodNames=null; destroyMethodNames=[(inferred)]; defined in class path resource [com/Zygo/proyecto/config/AsyncConfig.class]] bound.
2025-11-18 22:56:39 [main] INFO  o.s.b.a.l.ConditionEvaluationReportLogger - 

Error starting ApplicationContext. To display the condition evaluation report re-run your application with 'debug' enabled.
2025-11-18 22:56:39 [main] ERROR o.s.b.d.LoggingFailureAnalysisReporter - 

***************************
APPLICATION FAILED TO START
***************************

Description:

The bean 'taskExecutor', defined in com.Zygo.proyecto.ProyectoApplication, could not be registered. A bean with that name has already been defined in class path resource [com/Zygo/proyecto/config/AsyncConfig.class] and overriding is disabled.

Action:

Consider renaming one of the beans or enabling overriding by setting spring.main.allow-bean-definition-overriding=true

2025-11-18 22:56:39 [main] WARN  o.s.test.context.TestContextManager - Caught exception while allowing TestExecutionListener [org.springframework.test.context.web.ServletTestExecutionListener] to prepare test instance [com.Zygo.proyecto.ProyectoApplicationTests@1a3e8e24]
java.lang.IllegalStateException: Failed to load ApplicationContext for [WebMergedContextConfiguration@119b0892 testClass = com.Zygo.proyecto.ProyectoApplicationTests, locations = [], classes = [com.Zygo.proyecto.ProyectoApplication], contextInitializerClasses = [], activeProfiles = [], propertySourceDescriptors = [], propertySourceProperties = ["org.springframework.boot.test.context.SpringBootTestContextBootstrapper=true"], contextCustomizers = [org.springframework.boot.test.context.filter.ExcludeFilterContextCustomizer@19b843ba, org.springframework.boot.test.json.DuplicateJsonObjectContextCustomizerFactory$DuplicateJsonObjectContextCustomizer@1ec9bd38, org.springframework.boot.test.mock.mockito.MockitoContextCustomizer@0, org.springframework.boot.test.web.client.TestRestTemplateContextCustomizer@4bbf6d0e, org.springframework.boot.test.web.reactive.server.WebTestClientContextCustomizer@93081b6, org.springframework.boot.test.web.reactor.netty.DisableReactorResourceFactoryGlobalResourcesContextCustomizerFactory$DisableReactorResourceFactoryGlobalResourcesContextCustomizerCustomizer@42e25b0b, org.springframework.boot.test.autoconfigure.OnFailureConditionReportContextCustomizerFactory$OnFailureConditionReportContextCustomizer@2205a05d, org.springframework.boot.test.autoconfigure.actuate.observability.ObservabilityContextCustomizerFactory$DisableObservabilityContextCustomizer@1f, org.springframework.boot.test.autoconfigure.properties.PropertyMappingContextCustomizer@0, org.springframework.boot.test.autoconfigure.web.servlet.WebDriverContextCustomizer@4dd6fd0a, org.springframework.test.context.support.DynamicPropertiesContextCustomizer@0, org.springframework.boot.test.context.SpringBootTestAnnotation@92b217e2], resourceBasePath = "src/main/webapp", contextLoader = org.springframework.boot.test.context.SpringBootContextLoader, parent = null]
	at org.springframework.test.context.cache.DefaultCacheAwareContextLoaderDelegate.loadContext(DefaultCacheAwareContextLoaderDelegate.java:180)
	at org.springframework.test.context.support.DefaultTestContext.getApplicationContext(DefaultTestContext.java:130)
	at org.springframework.test.context.web.ServletTestExecutionListener.setUpRequestContextIfNecessary(ServletTestExecutionListener.java:200)
	at org.springframework.test.context.web.ServletTestExecutionListener.prepareTestInstance(ServletTestExecutionListener.java:139)
	at org.springframework.test.context.TestContextManager.prepareTestInstance(TestContextManager.java:260)
	at org.springframework.test.context.junit.jupiter.SpringExtension.postProcessTestInstance(SpringExtension.java:159)
	at org.junit.jupiter.engine.descriptor.ClassBasedTestDescriptor.lambda$invokeTestInstancePostProcessors$10(ClassBasedTestDescriptor.java:383)
	at org.junit.jupiter.engine.descriptor.ClassBasedTestDescriptor.executeAndMaskThrowable(ClassBasedTestDescriptor.java:388)
	at org.junit.jupiter.engine.descriptor.ClassBasedTestDescriptor.lambda$invokeTestInstancePostProcessors$11(ClassBasedTestDescriptor.java:382)
	at java.base/java.util.stream.ForEachOps$ForEachOp$OfRef.accept(ForEachOps.java:184)
	at java.base/java.util.stream.ReferencePipeline$3$1.accept(ReferencePipeline.java:197)
	at java.base/java.util.stream.ReferencePipeline$2$1.accept(ReferencePipeline.java:179)
	at java.base/java.util.stream.ReferencePipeline$3$1.accept(ReferencePipeline.java:197)
	at java.base/java.util.ArrayList$ArrayListSpliterator.forEachRemaining(ArrayList.java:1708)
	at java.base/java.util.stream.AbstractPipeline.copyInto(AbstractPipeline.java:509)
	at java.base/java.util.stream.AbstractPipeline.wrapAndCopyInto(AbstractPipeline.java:499)
	at java.base/java.util.stream.ForEachOps$ForEachOp.evaluateSequential(ForEachOps.java:151)
	at java.base/java.util.stream.ForEachOps$ForEachOp$OfRef.evaluateSequential(ForEachOps.java:174)
	at java.base/java.util.stream.AbstractPipeline.evaluate(AbstractPipeline.java:234)
	at java.base/java.util.stream.ReferencePipeline.forEach(ReferencePipeline.java:596)
	at org.junit.jupiter.engine.descriptor.ClassBasedTestDescriptor.invokeTestInstancePostProcessors(ClassBasedTestDescriptor.java:382)
	at org.junit.jupiter.engine.descriptor.ClassBasedTestDescriptor.lambda$instantiateAndPostProcessTestInstance$6(ClassBasedTestDescriptor.java:293)
	at org.junit.platform.engine.support.hierarchical.ThrowableCollector.execute(ThrowableCollector.java:73)
	at org.junit.jupiter.engine.descriptor.ClassBasedTestDescriptor.instantiateAndPostProcessTestInstance(ClassBasedTestDescriptor.java:292)
	at org.junit.jupiter.engine.descriptor.ClassBasedTestDescriptor.lambda$testInstancesProvider$4(ClassBasedTestDescriptor.java:281)
	at java.base/java.util.Optional.orElseGet(Optional.java:364)
	at org.junit.jupiter.engine.descriptor.ClassBasedTestDescriptor.lambda$testInstancesProvider$5(ClassBasedTestDescriptor.java:280)
	at org.junit.jupiter.engine.execution.TestInstancesProvider.getTestInstances(TestInstancesProvider.java:27)
	at org.junit.jupiter.engine.descriptor.TestMethodTestDescriptor.lambda$prepare$0(TestMethodTestDescriptor.java:112)
	at org.junit.platform.engine.support.hierarchical.ThrowableCollector.execute(ThrowableCollector.java:73)
	at org.junit.jupiter.engine.descriptor.TestMethodTestDescriptor.prepare(TestMethodTestDescriptor.java:111)
	at org.junit.jupiter.engine.descriptor.TestMethodTestDescriptor.prepare(TestMethodTestDescriptor.java:69)
	at org.junit.platform.engine.support.hierarchical.NodeTestTask.lambda$prepare$2(NodeTestTask.java:128)
	at org.junit.platform.engine.support.hierarchical.ThrowableCollector.execute(ThrowableCollector.java:73)
	at org.junit.platform.engine.support.hierarchical.NodeTestTask.prepare(NodeTestTask.java:128)
	at org.junit.platform.engine.support.hierarchical.NodeTestTask.execute(NodeTestTask.java:95)
	at java.base/java.util.ArrayList.forEach(ArrayList.java:1596)
	at org.junit.platform.engine.support.hierarchical.SameThreadHierarchicalTestExecutorService.invokeAll(SameThreadHierarchicalTestExecutorService.java:41)
	at org.junit.platform.engine.support.hierarchical.NodeTestTask.lambda$executeRecursively$6(NodeTestTask.java:160)
	at org.junit.platform.engine.support.hierarchical.ThrowableCollector.execute(ThrowableCollector.java:73)
	at org.junit.platform.engine.support.hierarchical.NodeTestTask.lambda$executeRecursively$8(NodeTestTask.java:146)
	at org.junit.platform.engine.support.hierarchical.Node.around(Node.java:137)
	at org.junit.platform.engine.support.hierarchical.NodeTestTask.lambda$executeRecursively$9(NodeTestTask.java:144)
	at org.junit.platform.engine.support.hierarchical.ThrowableCollector.execute(ThrowableCollector.java:73)
	at org.junit.platform.engine.support.hierarchical.NodeTestTask.executeRecursively(NodeTestTask.java:143)
	at org.junit.platform.engine.support.hierarchical.NodeTestTask.execute(NodeTestTask.java:100)
	at java.base/java.util.ArrayList.forEach(ArrayList.java:1596)
	at org.junit.platform.engine.support.hierarchical.SameThreadHierarchicalTestExecutorService.invokeAll(SameThreadHierarchicalTestExecutorService.java:41)
	at org.junit.platform.engine.support.hierarchical.NodeTestTask.lambda$executeRecursively$6(NodeTestTask.java:160)
	at org.junit.platform.engine.support.hierarchical.ThrowableCollector.execute(ThrowableCollector.java:73)
	at org.junit.platform.engine.support.hierarchical.NodeTestTask.lambda$executeRecursively$8(NodeTestTask.java:146)
	at org.junit.platform.engine.support.hierarchical.Node.around(Node.java:137)
	at org.junit.platform.engine.support.hierarchical.NodeTestTask.lambda$executeRecursively$9(NodeTestTask.java:144)
	at org.junit.platform.engine.support.hierarchical.ThrowableCollector.execute(ThrowableCollector.java:73)
	at org.junit.platform.engine.support.hierarchical.NodeTestTask.executeRecursively(NodeTestTask.java:143)
	at org.junit.platform.engine.support.hierarchical.NodeTestTask.execute(NodeTestTask.java:100)
	at org.junit.platform.engine.support.hierarchical.SameThreadHierarchicalTestExecutorService.submit(SameThreadHierarchicalTestExecutorService.java:35)
	at org.junit.platform.engine.support.hierarchical.HierarchicalTestExecutor.execute(HierarchicalTestExecutor.java:57)
	at org.junit.platform.engine.support.hierarchical.HierarchicalTestEngine.execute(HierarchicalTestEngine.java:54)
	at org.junit.platform.launcher.core.EngineExecutionOrchestrator.execute(EngineExecutionOrchestrator.java:201)
	at org.junit.platform.launcher.core.EngineExecutionOrchestrator.execute(EngineExecutionOrchestrator.java:170)
	at org.junit.platform.launcher.core.EngineExecutionOrchestrator.execute(EngineExecutionOrchestrator.java:94)
	at org.junit.platform.launcher.core.EngineExecutionOrchestrator.lambda$execute$0(EngineExecutionOrchestrator.java:59)
	at org.junit.platform.launcher.core.EngineExecutionOrchestrator.withInterceptedStreams(EngineExecutionOrchestrator.java:142)
	at org.junit.platform.launcher.core.EngineExecutionOrchestrator.execute(EngineExecutionOrchestrator.java:58)
	at org.junit.platform.launcher.core.DefaultLauncher.execute(DefaultLauncher.java:103)
	at org.junit.platform.launcher.core.DefaultLauncher.execute(DefaultLauncher.java:85)
	at org.junit.platform.launcher.core.DelegatingLauncher.execute(DelegatingLauncher.java:47)
	at org.junit.platform.launcher.core.InterceptingLauncher.lambda$execute$1(InterceptingLauncher.java:39)
	at org.junit.platform.launcher.core.ClasspathAlignmentCheckingLauncherInterceptor.intercept(ClasspathAlignmentCheckingLauncherInterceptor.java:25)
	at org.junit.platform.launcher.core.InterceptingLauncher.execute(InterceptingLauncher.java:38)
	at org.junit.platform.launcher.core.DelegatingLauncher.execute(DelegatingLauncher.java:47)
	at org.apache.maven.surefire.junitplatform.LauncherAdapter.executeWithoutCancellationToken(LauncherAdapter.java:60)
	at org.apache.maven.surefire.junitplatform.LauncherAdapter.execute(LauncherAdapter.java:52)
	at org.apache.maven.surefire.junitplatform.JUnitPlatformProvider.execute(JUnitPlatformProvider.java:203)
	at org.apache.maven.surefire.junitplatform.JUnitPlatformProvider.invokeAllTests(JUnitPlatformProvider.java:168)
	at org.apache.maven.surefire.junitplatform.JUnitPlatformProvider.invoke(JUnitPlatformProvider.java:136)
	at org.apache.maven.surefire.booter.ForkedBooter.runSuitesInProcess(ForkedBooter.java:385)
	at org.apache.maven.surefire.booter.ForkedBooter.execute(ForkedBooter.java:162)
	at org.apache.maven.surefire.booter.ForkedBooter.run(ForkedBooter.java:507)
	at org.apache.maven.surefire.booter.ForkedBooter.main(ForkedBooter.java:495)
Caused by: org.springframework.beans.factory.support.BeanDefinitionOverrideException: Invalid bean definition with name 'taskExecutor' defined in com.Zygo.proyecto.ProyectoApplication: Cannot register bean definition [Root bean: class=null; scope=; abstract=false; lazyInit=null; autowireMode=3; dependencyCheck=0; autowireCandidate=true; primary=false; fallback=false; factoryBeanName=proyectoApplication; factoryMethodName=taskExecutor; initMethodNames=null; destroyMethodNames=[(inferred)]; defined in com.Zygo.proyecto.ProyectoApplication] for bean 'taskExecutor' since there is already [Root bean: class=null; scope=; abstract=false; lazyInit=null; autowireMode=3; dependencyCheck=0; autowireCandidate=true; primary=false; fallback=false; factoryBeanName=asyncConfig; factoryMethodName=taskExecutor; initMethodNames=null; destroyMethodNames=[(inferred)]; defined in class path resource [com/Zygo/proyecto/config/AsyncConfig.class]] bound.
	at org.springframework.beans.factory.support.DefaultListableBeanFactory.registerBeanDefinition(DefaultListableBeanFactory.java:1263)
	at org.springframework.context.annotation.ConfigurationClassBeanDefinitionReader.loadBeanDefinitionsForBeanMethod(ConfigurationClassBeanDefinitionReader.java:305)
	at org.springframework.context.annotation.ConfigurationClassBeanDefinitionReader.loadBeanDefinitionsForConfigurationClass(ConfigurationClassBeanDefinitionReader.java:144)
	at org.springframework.context.annotation.ConfigurationClassBeanDefinitionReader.loadBeanDefinitions(ConfigurationClassBeanDefinitionReader.java:120)
	at org.springframework.context.annotation.ConfigurationClassPostProcessor.processConfigBeanDefinitions(ConfigurationClassPostProcessor.java:430)
	at org.springframework.context.annotation.ConfigurationClassPostProcessor.postProcessBeanDefinitionRegistry(ConfigurationClassPostProcessor.java:290)
	at org.springframework.context.support.PostProcessorRegistrationDelegate.invokeBeanDefinitionRegistryPostProcessors(PostProcessorRegistrationDelegate.java:349)
	at org.springframework.context.support.PostProcessorRegistrationDelegate.invokeBeanFactoryPostProcessors(PostProcessorRegistrationDelegate.java:118)
	at org.springframework.context.support.AbstractApplicationContext.invokeBeanFactoryPostProcessors(AbstractApplicationContext.java:791)
	at org.springframework.context.support.AbstractApplicationContext.refresh(AbstractApplicationContext.java:609)
	at org.springframework.boot.SpringApplication.refresh(SpringApplication.java:752)
	at org.springframework.boot.SpringApplication.refreshContext(SpringApplication.java:439)
	at org.springframework.boot.SpringApplication.run(SpringApplication.java:318)
	at org.springframework.boot.test.context.SpringBootContextLoader.lambda$loadContext$3(SpringBootContextLoader.java:144)
	at org.springframework.util.function.ThrowingSupplier.get(ThrowingSupplier.java:58)
	at org.springframework.util.function.ThrowingSupplier.get(ThrowingSupplier.java:46)
	at org.springframework.boot.SpringApplication.withHook(SpringApplication.java:1461)
	at org.springframework.boot.test.context.SpringBootContextLoader$ContextLoaderHook.run(SpringBootContextLoader.java:563)
	at org.springframework.boot.test.context.SpringBootContextLoader.loadContext(SpringBootContextLoader.java:144)
	at org.springframework.boot.test.context.SpringBootContextLoader.loadContext(SpringBootContextLoader.java:110)
	at org.springframework.test.context.cache.DefaultCacheAwareContextLoaderDelegate.loadContextInternal(DefaultCacheAwareContextLoaderDelegate.java:225)
	at org.springframework.test.context.cache.DefaultCacheAwareContextLoaderDelegate.loadContext(DefaultCacheAwareContextLoaderDelegate.java:152)
	... 80 common frames omitted
2025-11-18 22:59:10 [main] INFO  c.Z.p.ProyectoApplicationTests - Starting ProyectoApplicationTests using Java 21.0.6 with PID 29524 (started by David in C:\Progra3clase\PROGRAFINAL\ProyectoProgra3\proyecto)
2025-11-18 22:59:10 [main] INFO  c.Z.p.ProyectoApplicationTests - No active profile set, falling back to 1 default profile: "default"
2025-11-18 22:59:13 [main] INFO  o.s.d.r.c.RepositoryConfigurationDelegate - Bootstrapping Spring Data JPA repositories in DEFAULT mode.
2025-11-18 22:59:13 [main] INFO  o.s.d.r.c.RepositoryConfigurationDelegate - Finished Spring Data repository scanning in 276 ms. Found 4 JPA repository interfaces.
2025-11-18 22:59:14 [main] INFO  o.h.jpa.internal.util.LogHelper - HHH000204: Processing PersistenceUnitInfo [name: default]
2025-11-18 22:59:14 [main] INFO  org.hibernate.Version - HHH000412: Hibernate ORM core version 6.6.33.Final
2025-11-18 22:59:14 [main] INFO  o.h.c.i.RegionFactoryInitiator - HHH000026: Second-level cache disabled
2025-11-18 22:59:15 [main] INFO  o.s.o.j.p.SpringPersistenceUnitInfo - No LoadTimeWeaver setup: ignoring JPA class transformer
2025-11-18 22:59:15 [main] INFO  com.zaxxer.hikari.HikariDataSource - HikariPool-1 - Starting...
2025-11-18 22:59:15 [main] INFO  com.zaxxer.hikari.pool.HikariPool - HikariPool-1 - Added connection com.mysql.cj.jdbc.ConnectionImpl@29db008c
2025-11-18 22:59:15 [main] INFO  com.zaxxer.hikari.HikariDataSource - HikariPool-1 - Start completed.
2025-11-18 22:59:16 [main] WARN  org.hibernate.orm.deprecation - HHH90000025: MySQLDialect does not need to be specified explicitly using 'hibernate.dialect' (remove the property setting and it will be selected by default)
2025-11-18 22:59:16 [main] INFO  o.hibernate.orm.connections.pooling - HHH10001005: Database info:
	Database JDBC URL [Connecting through datasource 'HikariDataSource (HikariPool-1)']
	Database driver: undefined/unknown
	Database version: 8.3
	Autocommit mode: undefined/unknown
	Isolation level: undefined/unknown
	Minimum pool size: undefined/unknown
	Maximum pool size: undefined/unknown
2025-11-18 22:59:17 [main] INFO  o.h.e.t.j.p.i.JtaPlatformInitiator - HHH000489: No JTA platform available (set 'hibernate.transaction.jta.platform' to enable JTA platform integration)
2025-11-18 22:59:17 [main] INFO  o.s.o.j.LocalContainerEntityManagerFactoryBean - Initialized JPA EntityManagerFactory for persistence unit 'default'
2025-11-18 22:59:18 [main] INFO  o.s.d.j.r.query.QueryEnhancerFactory - Hibernate is in classpath; If applicable, HQL parser will be used.
2025-11-18 22:59:20 [main] INFO  o.s.s.c.a.a.c.InitializeAuthenticationProviderBeanManagerConfigurer$InitializeAuthenticationProviderManagerConfigurer - Global AuthenticationManager configured with AuthenticationProvider bean with name authenticationProvider
2025-11-18 22:59:20 [main] WARN  o.s.s.c.a.a.c.InitializeUserDetailsBeanManagerConfigurer$InitializeUserDetailsManagerConfigurer - Global AuthenticationManager configured with an AuthenticationProvider bean. UserDetailsService beans will not be used by Spring Security for automatically configuring username/password login. Consider removing the AuthenticationProvider bean. Alternatively, consider using the UserDetailsService in a manually instantiated DaoAuthenticationProvider. If the current configuration is intentional, to turn off this warning, increase the logging level of 'org.springframework.security.config.annotation.authentication.configuration.InitializeUserDetailsBeanManagerConfigurer' to ERROR
2025-11-18 22:59:20 [main] WARN  o.s.b.a.o.j.JpaBaseConfiguration$JpaWebConfiguration - spring.jpa.open-in-view is enabled by default. Therefore, database queries may be performed during view rendering. Explicitly configure spring.jpa.open-in-view to disable this warning
2025-11-18 22:59:21 [main] INFO  o.s.b.a.e.web.EndpointLinksResolver - Exposing 3 endpoints beneath base path '/actuator'
2025-11-18 22:59:21 [main] WARN  o.s.s.c.a.w.c.AuthorizeHttpRequestsConfigurer$AuthorizationManagerRequestMatcherRegistry - One of the patterns in [POST, /api/pedidos/crear-con-asignacion] is missing a leading slash. This is discouraged; please include the leading slash in all your request matcher patterns. In future versions of Spring Security, leaving out the leading slash will result in an exception.
2025-11-18 22:59:21 [main] WARN  o.s.s.c.a.w.c.AuthorizeHttpRequestsConfigurer$AuthorizationManagerRequestMatcherRegistry - One of the patterns in [GET, /api/pedidos/estadisticas/**] is missing a leading slash. This is discouraged; please include the leading slash in all your request matcher patterns. In future versions of Spring Security, leaving out the leading slash will result in an exception.
2025-11-18 22:59:22 [main] INFO  c.Z.p.ProyectoApplicationTests - Started ProyectoApplicationTests in 13.028 seconds (process running for 14.887)
2025-11-18 22:59:22 [main] INFO  c.Z.proyecto.config.DataInitializer - ========================================
2025-11-18 22:59:22 [main] INFO  c.Z.proyecto.config.DataInitializer - 🚀 Sistema Zygo - Inicialización
2025-11-18 22:59:22 [main] INFO  c.Z.proyecto.config.DataInitializer - ========================================
2025-11-18 22:59:23 [main] INFO  c.Z.proyecto.config.DataInitializer - ✅ Base de datos ya contiene datos
2025-11-18 22:59:23 [main] INFO  c.Z.proyecto.config.DataInitializer - ========================================
2025-11-18 22:59:23 [main] INFO  c.Z.proyecto.config.DataInitializer - 📊 Estadísticas del Sistema:
2025-11-18 22:59:23 [main] INFO  c.Z.proyecto.config.DataInitializer -    - Nodos en el grafo: 6945
2025-11-18 22:59:23 [main] INFO  c.Z.proyecto.config.DataInitializer -    - Restaurantes: 7
2025-11-18 22:59:23 [main] INFO  c.Z.proyecto.config.DataInitializer -    - Intersecciones: 6938
2025-11-18 22:59:23 [main] INFO  c.Z.proyecto.config.DataInitializer -    - Aristas (calles): 14737
2025-11-18 22:59:23 [main] INFO  c.Z.proyecto.config.DataInitializer -    - Usuarios totales: 40
2025-11-18 22:59:23 [main] INFO  c.Z.proyecto.config.DataInitializer -    - Repartidores: 28
2025-11-18 22:59:23 [main] INFO  c.Z.proyecto.config.DataInitializer -    - Clientes: 7
2025-11-18 22:59:23 [main] INFO  c.Z.proyecto.config.DataInitializer - ========================================
2025-11-18 22:59:24 [SpringApplicationShutdownHook] INFO  o.s.o.j.LocalContainerEntityManagerFactoryBean - Closing JPA EntityManagerFactory for persistence unit 'default'
2025-11-18 22:59:24 [SpringApplicationShutdownHook] INFO  com.zaxxer.hikari.HikariDataSource - HikariPool-1 - Shutdown initiated...
2025-11-18 22:59:24 [SpringApplicationShutdownHook] INFO  com.zaxxer.hikari.HikariDataSource - HikariPool-1 - Shutdown completed.
2025-11-18 22:59:34 [main] INFO  c.Zygo.proyecto.ProyectoApplication - Starting ProyectoApplication using Java 21.0.6 with PID 840 (C:\Progra3clase\PROGRAFINAL\ProyectoProgra3\proyecto\target\classes started by David in C:\Progra3clase\PROGRAFINAL\ProyectoProgra3\proyecto)
2025-11-18 22:59:34 [main] INFO  c.Zygo.proyecto.ProyectoApplication - No active profile set, falling back to 1 default profile: "default"
2025-11-18 22:59:35 [main] INFO  o.s.d.r.c.RepositoryConfigurationDelegate - Bootstrapping Spring Data JPA repositories in DEFAULT mode.
2025-11-18 22:59:36 [main] INFO  o.s.d.r.c.RepositoryConfigurationDelegate - Finished Spring Data repository scanning in 198 ms. Found 4 JPA repository interfaces.
2025-11-18 22:59:36 [main] INFO  o.s.b.w.e.tomcat.TomcatWebServer - Tomcat initialized with port 8080 (http)
2025-11-18 22:59:37 [main] INFO  o.a.catalina.core.StandardService - Starting service [Tomcat]
2025-11-18 22:59:37 [main] INFO  o.a.catalina.core.StandardEngine - Starting Servlet engine: [Apache Tomcat/10.1.48]
2025-11-18 22:59:37 [main] INFO  o.a.c.c.C.[Tomcat].[localhost].[/] - Initializing Spring embedded WebApplicationContext
2025-11-18 22:59:37 [main] INFO  o.s.b.w.s.c.ServletWebServerApplicationContext - Root WebApplicationContext: initialization completed in 2475 ms
2025-11-18 22:59:37 [main] INFO  o.h.jpa.internal.util.LogHelper - HHH000204: Processing PersistenceUnitInfo [name: default]
2025-11-18 22:59:37 [main] INFO  org.hibernate.Version - HHH000412: Hibernate ORM core version 6.6.33.Final
2025-11-18 22:59:37 [main] INFO  o.h.c.i.RegionFactoryInitiator - HHH000026: Second-level cache disabled
2025-11-18 22:59:37 [main] INFO  o.s.o.j.p.SpringPersistenceUnitInfo - No LoadTimeWeaver setup: ignoring JPA class transformer
2025-11-18 22:59:37 [main] INFO  com.zaxxer.hikari.HikariDataSource - HikariPool-1 - Starting...
2025-11-18 22:59:38 [main] INFO  com.zaxxer.hikari.pool.HikariPool - HikariPool-1 - Added connection com.mysql.cj.jdbc.ConnectionImpl@4b99648a
2025-11-18 22:59:38 [main] INFO  com.zaxxer.hikari.HikariDataSource - HikariPool-1 - Start completed.
2025-11-18 22:59:38 [main] WARN  org.hibernate.orm.deprecation - HHH90000025: MySQLDialect does not need to be specified explicitly using 'hibernate.dialect' (remove the property setting and it will be selected by default)
2025-11-18 22:59:38 [main] INFO  o.hibernate.orm.connections.pooling - HHH10001005: Database info:
	Database JDBC URL [Connecting through datasource 'HikariDataSource (HikariPool-1)']
	Database driver: undefined/unknown
	Database version: 8.3
	Autocommit mode: undefined/unknown
	Isolation level: undefined/unknown
	Minimum pool size: undefined/unknown
	Maximum pool size: undefined/unknown
2025-11-18 22:59:39 [main] INFO  o.h.e.t.j.p.i.JtaPlatformInitiator - HHH000489: No JTA platform available (set 'hibernate.transaction.jta.platform' to enable JTA platform integration)
2025-11-18 22:59:39 [main] INFO  o.s.o.j.LocalContainerEntityManagerFactoryBean - Initialized JPA EntityManagerFactory for persistence unit 'default'
2025-11-18 22:59:39 [main] INFO  o.s.d.j.r.query.QueryEnhancerFactory - Hibernate is in classpath; If applicable, HQL parser will be used.
2025-11-18 22:59:41 [main] INFO  o.s.s.c.a.a.c.InitializeAuthenticationProviderBeanManagerConfigurer$InitializeAuthenticationProviderManagerConfigurer - Global AuthenticationManager configured with AuthenticationProvider bean with name authenticationProvider
2025-11-18 22:59:41 [main] WARN  o.s.s.c.a.a.c.InitializeUserDetailsBeanManagerConfigurer$InitializeUserDetailsManagerConfigurer - Global AuthenticationManager configured with an AuthenticationProvider bean. UserDetailsService beans will not be used by Spring Security for automatically configuring username/password login. Consider removing the AuthenticationProvider bean. Alternatively, consider using the UserDetailsService in a manually instantiated DaoAuthenticationProvider. If the current configuration is intentional, to turn off this warning, increase the logging level of 'org.springframework.security.config.annotation.authentication.configuration.InitializeUserDetailsBeanManagerConfigurer' to ERROR
2025-11-18 22:59:41 [main] WARN  o.s.b.a.o.j.JpaBaseConfiguration$JpaWebConfiguration - spring.jpa.open-in-view is enabled by default. Therefore, database queries may be performed during view rendering. Explicitly configure spring.jpa.open-in-view to disable this warning
2025-11-18 22:59:41 [main] INFO  o.s.b.a.e.web.EndpointLinksResolver - Exposing 3 endpoints beneath base path '/actuator'
2025-11-18 22:59:42 [main] WARN  o.s.s.c.a.w.c.AuthorizeHttpRequestsConfigurer$AuthorizationManagerRequestMatcherRegistry - One of the patterns in [POST, /api/pedidos/crear-con-asignacion] is missing a leading slash. This is discouraged; please include the leading slash in all your request matcher patterns. In future versions of Spring Security, leaving out the leading slash will result in an exception.
2025-11-18 22:59:42 [main] WARN  o.s.s.c.a.w.c.AuthorizeHttpRequestsConfigurer$AuthorizationManagerRequestMatcherRegistry - One of the patterns in [GET, /api/pedidos/estadisticas/**] is missing a leading slash. This is discouraged; please include the leading slash in all your request matcher patterns. In future versions of Spring Security, leaving out the leading slash will result in an exception.
2025-11-18 22:59:42 [main] INFO  o.s.b.w.e.tomcat.TomcatWebServer - Tomcat started on port 8080 (http) with context path '/'
2025-11-18 22:59:42 [main] INFO  c.Zygo.proyecto.ProyectoApplication - Started ProyectoApplication in 8.996 seconds (process running for 9.417)
2025-11-18 22:59:42 [main] INFO  c.Z.proyecto.config.DataInitializer - ========================================
2025-11-18 22:59:42 [main] INFO  c.Z.proyecto.config.DataInitializer - 🚀 Sistema Zygo - Inicialización
2025-11-18 22:59:42 [main] INFO  c.Z.proyecto.config.DataInitializer - ========================================
2025-11-18 22:59:42 [main] INFO  c.Z.proyecto.config.DataInitializer - ✅ Base de datos ya contiene datos
2025-11-18 22:59:42 [main] INFO  c.Z.proyecto.config.DataInitializer - ========================================
2025-11-18 22:59:42 [main] INFO  c.Z.proyecto.config.DataInitializer - 📊 Estadísticas del Sistema:
2025-11-18 22:59:42 [main] INFO  c.Z.proyecto.config.DataInitializer -    - Nodos en el grafo: 6945
2025-11-18 22:59:43 [main] INFO  c.Z.proyecto.config.DataInitializer -    - Restaurantes: 7
2025-11-18 22:59:43 [main] INFO  c.Z.proyecto.config.DataInitializer -    - Intersecciones: 6938
2025-11-18 22:59:43 [main] INFO  c.Z.proyecto.config.DataInitializer -    - Aristas (calles): 14737
2025-11-18 22:59:43 [main] INFO  c.Z.proyecto.config.DataInitializer -    - Usuarios totales: 40
2025-11-18 22:59:43 [main] INFO  c.Z.proyecto.config.DataInitializer -    - Repartidores: 28
2025-11-18 22:59:43 [main] INFO  c.Z.proyecto.config.DataInitializer -    - Clientes: 7
2025-11-18 22:59:43 [main] INFO  c.Z.proyecto.config.DataInitializer - ========================================
2025-11-18 23:00:24 [http-nio-8080-exec-1] INFO  o.a.c.c.C.[Tomcat].[localhost].[/] - Initializing Spring DispatcherServlet 'dispatcherServlet'
2025-11-18 23:00:24 [http-nio-8080-exec-1] INFO  o.s.web.servlet.DispatcherServlet - Initializing Servlet 'dispatcherServlet'
2025-11-18 23:00:24 [http-nio-8080-exec-1] INFO  o.s.web.servlet.DispatcherServlet - Completed initialization in 3 ms
2025-11-18 23:00:30 [http-nio-8080-exec-2] INFO  c.Z.p.controller.UsuarioController - GET /api/usuarios - Obteniendo todos los usuarios
2025-11-18 23:00:30 [http-nio-8080-exec-4] INFO  c.Z.p.controller.PedidoController - 📋 GET /api/pedidos - Obteniendo todos los pedidos
2025-11-18 23:00:30 [http-nio-8080-exec-4] INFO  c.Z.p.controller.PedidoController - ✅ Total pedidos: 25
2025-11-18 23:00:32 [http-nio-8080-exec-1] INFO  c.Z.p.controller.RutaController - 🚀 POST /api/rutas/optima
2025-11-18 23:00:32 [http-nio-8080-exec-1] INFO  c.Z.p.controller.RutaController - 📍 Origen: (5.702444463221909, -72.93891906738283)
2025-11-18 23:00:32 [http-nio-8080-exec-1] INFO  c.Z.p.controller.RutaController - 🎯 Destino: (5.702081487858424, -72.93341517448427)
2025-11-18 23:00:32 [http-nio-8080-exec-1] INFO  c.Zygo.proyecto.service.LugarService - Buscando nodo más cercano a 5.702444463221909, -72.93891906738283
2025-11-18 23:00:32 [http-nio-8080-exec-1] INFO  c.Zygo.proyecto.service.LugarService - Buscando nodo más cercano a 5.702081487858424, -72.93341517448427
2025-11-18 23:00:32 [http-nio-8080-exec-1] INFO  c.Z.p.controller.RutaController - ✅ Nodos: Nodo_5.702461_-72.938936 → Nodo_5.702123_-72.933524
2025-11-18 23:00:32 [http-nio-8080-exec-1] INFO  c.Z.p.s.DijkstraServiceOptimizado - 🔍 Calculando ruta óptima: 36983 → 31924 (tráfico: true)
2025-11-18 23:00:33 [http-nio-8080-exec-1] INFO  c.Z.p.s.DijkstraServiceOptimizado - 📊 Nodos relevantes cargados: 6945 (vs 6945 totales)
2025-11-18 23:00:33 [http-nio-8080-exec-1] DEBUG c.Z.p.s.DijkstraServiceOptimizado - 🎯 Destino alcanzado. Visitados: 456/6945
2025-11-18 23:00:33 [http-nio-8080-exec-1] INFO  c.Z.p.s.DijkstraServiceOptimizado - ✅ Ruta calculada en 907ms - Distancia: {:.2f}km, Nodos: 1.0066373893897145
2025-11-18 23:00:33 [http-nio-8080-exec-1] INFO  c.Z.p.controller.RutaController - ✅ Ruta calculada en 1085ms - 1.0066373893897145km, 26min
2025-11-18 23:04:09 [SpringApplicationShutdownHook] INFO  o.s.b.w.e.tomcat.GracefulShutdown - Commencing graceful shutdown. Waiting for active requests to complete
2025-11-18 23:04:09 [tomcat-shutdown] INFO  o.s.b.w.e.tomcat.GracefulShutdown - Graceful shutdown complete
2025-11-18 23:04:09 [SpringApplicationShutdownHook] INFO  o.s.o.j.LocalContainerEntityManagerFactoryBean - Closing JPA EntityManagerFactory for persistence unit 'default'
2025-11-18 23:04:09 [SpringApplicationShutdownHook] INFO  com.zaxxer.hikari.HikariDataSource - HikariPool-1 - Shutdown initiated...
2025-11-18 23:04:09 [SpringApplicationShutdownHook] INFO  com.zaxxer.hikari.HikariDataSource - HikariPool-1 - Shutdown completed.
